CustomerID,Gender,Age,Annual Income ($),Spending Score (1-100),Profession,Work Experience,Family Size,Cluster
1,Male,19,15000.0,39,Healthcare,1,4,Cluster 3
2,Male,21,35000.0,81,Engineer,3,3,Cluster 3
3,Female,20,86000.0,6,Engineer,1,1,Cluster 1
4,Female,23,59000.0,77,Lawyer,0,2,Cluster 3
5,Female,31,38000.0,40,Entertainment,2,6,Cluster 3
6,Female,22,58000.0,76,Artist,0,2,Cluster 3
7,Female,35,31000.0,6,Healthcare,1,3,Cluster 3
8,Female,23,84000.0,94,Healthcare,1,3,Cluster 1
9,Male,64,97000.0,3,Engineer,0,3,Cluster 1
10,Female,30,98000.0,72,Artist,1,4,Cluster 1
11,Male,67,7000.0,14,Engineer,1,3,Cluster 3
12,Female,35,93000.0,99,Healthcare,4,4,Cluster 1
13,Female,58,80000.0,15,Executive,0,5,Cluster 3
14,Female,24,91000.0,77,Lawyer,1,1,Cluster 1
15,Male,37,19000.0,13,Doctor,0,1,Cluster 3
16,Male,22,51000.0,79,Healthcare,1,2,Cluster 3
17,Female,35,29000.0,35,Homemaker,9,5,Cluster 3
18,Male,20,89000.0,66,Healthcare,1,6,Cluster 1
19,Male,52,20000.0,29,Entertainment,1,4,Cluster 3
20,Female,35,62000.0,98,Artist,0,1,Cluster 3
21,Male,35,96000.0,35,Homemaker,12,1,Cluster 1
22,Male,25,4000.0,73,Healthcare,3,4,Cluster 3
23,Female,46,42000.0,5,Artist,13,2,Cluster 3
24,Male,31,71000.0,73,Artist,5,2,Cluster 3
25,Female,54,67000.0,14,Executive,1,3,Cluster 3
26,Male,29,52000.0,82,Artist,1,3,Cluster 3
27,Female,45,68000.0,32,Healthcare,9,8,Cluster 3
28,Male,35,78000.0,61,Artist,1,3,Cluster 3
29,Female,40,18000.0,31,Artist,0,1,Cluster 3
30,Female,23,20000.0,87,Artist,5,4,Cluster 3
31,Male,60,39000.0,4,Artist,0,3,Cluster 3
32,Female,21,34000.0,73,Doctor,1,2,Cluster 3
33,Male,53,59000.0,4,Healthcare,1,3,Cluster 3
34,Male,18,62000.0,92,Homemaker,9,7,Cluster 3
35,Female,49,91000.0,14,Lawyer,1,2,Cluster 1
36,Female,21,95000.0,81,Healthcare,3,4,Cluster 1
37,Female,42,14000.0,17,Doctor,5,1,Cluster 3
38,Female,30,62000.0,73,Healthcare,1,5,Cluster 3
39,Female,36,9000.0,26,Artist,8,2,Cluster 3
40,Female,20,69000.0,75,Artist,8,2,Cluster 3
41,Female,65,25000.0,35,Artist,4,1,Cluster 3
42,Male,24,85000.0,92,Healthcare,0,2,Cluster 1
43,Male,48,22000.0,36,Artist,14,3,Cluster 3
44,Female,31,33000.0,61,Artist,1,2,Cluster 3
45,Female,49,72000.0,28,Engineer,8,1,Cluster 3
46,Female,24,3000.0,65,Lawyer,4,2,Cluster 3
47,Female,50,52000.0,55,Artist,0,4,Cluster 3
48,Female,27,71000.0,47,Healthcare,12,1,Cluster 3
49,Female,29,78000.0,42,Healthcare,0,4,Cluster 3
50,Female,31,25000.0,42,Engineer,1,1,Cluster 3
51,Female,49,88000.0,52,Artist,1,2,Cluster 1
52,Male,33,97000.0,60,Artist,1,2,Cluster 1
53,Female,31,74000.0,54,Artist,1,1,Cluster 3
54,Male,59,68000.0,60,Entertainment,0,2,Cluster 3
55,Female,50,18000.0,45,Marketing,1,1,Cluster 3
56,Male,47,95000.0,41,Artist,14,2,Cluster 1
57,Female,51,71000.0,50,Healthcare,9,4,Cluster 3
58,Male,69,8000.0,46,Doctor,8,2,Cluster 3
59,Female,27,57000.0,51,Artist,1,3,Cluster 3
60,Male,53,89000.0,46,Lawyer,1,6,Cluster 1
61,Male,70,84000.0,56,Artist,0,2,Cluster 1
62,Male,19,50000.0,55,Artist,9,2,Cluster 3
63,Female,67,50000.0,52,Lawyer,0,3,Cluster 3
64,Female,54,48000.0,59,Lawyer,1,2,Cluster 3
65,Male,63,63000.0,51,Lawyer,7,2,Cluster 3
66,Male,18,9000.0,59,Entertainment,0,2,Cluster 3
67,Female,43,3000.0,50,Doctor,0,2,Cluster 3
68,Female,68,82000.0,48,Artist,8,4,Cluster 1
69,Male,19,81000.0,59,Artist,0,4,Cluster 1
70,Female,32,97000.0,47,Homemaker,2,2,Cluster 1
71,Male,70,91000.0,55,Healthcare,8,2,Cluster 1
72,Female,47,9000.0,42,Entertainment,8,2,Cluster 3
73,Female,60,44000.0,49,Artist,0,5,Cluster 3
74,Female,60,10000.0,56,Healthcare,8,4,Cluster 3
75,Male,59,89000.0,47,Artist,0,4,Cluster 1
76,Male,26,49000.0,54,Homemaker,0,3,Cluster 3
77,Female,45,67000.0,53,Doctor,0,2,Cluster 3
78,Male,40,99000.0,48,Artist,4,3,Cluster 1
79,Female,23,97000.0,52,Engineer,2,2,Cluster 1
81,Male,57,52000.0,51,Healthcare,0,4,Cluster 3
82,Male,38,61000.0,55,Healthcare,6,3,Cluster 3
83,Male,67,120000.0,41,Artist,8,1,Cluster 1
84,Female,46,34000.0,44,Entertainment,8,4,Cluster 3
85,Female,21,24000.0,57,Marketing,1,3,Cluster 3
86,Male,48,31000.0,46,Healthcare,7,5,Cluster 3
87,Female,55,11000.0,58,Artist,0,3,Cluster 3
88,Female,22,55000.0,55,Artist,5,2,Cluster 3
89,Female,34,76000.0,60,Entertainment,7,3,Cluster 3
90,Female,50,56000.0,46,Doctor,0,2,Cluster 3
91,Female,68,46000.0,55,Entertainment,0,3,Cluster 3
92,Male,18,36000.0,41,Artist,1,4,Cluster 3
93,Male,48,88000.0,49,Artist,1,2,Cluster 1
94,Female,40,31000.0,40,Entertainment,1,2,Cluster 3
95,Female,32,24000.0,42,Artist,0,1,Cluster 3
96,Male,24,80000.0,52,Artist,10,1,Cluster 3
97,Female,47,2000.0,47,Artist,0,1,Cluster 3
98,Female,27,67000.0,50,Artist,0,2,Cluster 3
99,Male,48,58000.0,42,Doctor,1,2,Cluster 3
100,Male,20,80000.0,49,Engineer,3,3,Cluster 3
101,Female,23,65000.0,41,Artist,0,4,Cluster 3
102,Female,49,4000.0,48,Executive,1,7,Cluster 3
103,Male,67,98000.0,59,Artist,0,3,Cluster 1
104,Male,26,52000.0,55,Executive,0,5,Cluster 3
105,Male,49,86000.0,56,Healthcare,10,2,Cluster 1
106,Female,21,82000.0,42,Doctor,1,2,Cluster 1
107,Female,66,43000.0,50,Homemaker,3,2,Cluster 3
108,Male,54,78000.0,46,Lawyer,1,1,Cluster 3
109,Male,68,13000.0,43,Healthcare,6,5,Cluster 3
110,Male,66,13000.0,48,Healthcare,9,3,Cluster 3
111,Male,65,34000.0,52,Entertainment,4,4,Cluster 3
112,Female,19,25000.0,54,Artist,0,1,Cluster 3
113,Female,38,71000.0,42,Doctor,1,5,Cluster 3
114,Male,19,2000.0,46,Artist,1,1,Cluster 3
115,Female,18,97000.0,48,Executive,0,3,Cluster 1
116,Female,19,51000.0,50,Executive,8,4,Cluster 3
117,Female,63,9000.0,43,Lawyer,1,1,Cluster 3
118,Female,49,79000.0,59,Artist,0,2,Cluster 3
120,Female,50,87000.0,57,Artist,1,2,Cluster 1
121,Male,27,36000.0,56,Executive,0,3,Cluster 3
122,Female,38,50000.0,40,Executive,1,4,Cluster 3
123,Female,40,97000.0,58,Engineer,9,4,Cluster 1
124,Male,39,6000.0,91,Healthcare,1,3,Cluster 3
125,Female,23,12000.0,29,Entertainment,9,2,Cluster 3
126,Female,31,46000.0,77,Marketing,1,2,Cluster 3
127,Male,43,89000.0,35,Engineer,0,7,Cluster 1
128,Male,40,4000.0,95,Artist,0,2,Cluster 3
129,Male,59,38000.0,11,Engineer,0,2,Cluster 3
130,Male,38,64000.0,75,Entertainment,8,5,Cluster 3
131,Male,47,66000.0,9,Executive,9,5,Cluster 3
132,Male,39,26000.0,75,Lawyer,0,2,Cluster 3
133,Female,25,41000.0,34,Healthcare,6,4,Cluster 3
134,Female,31,45000.0,71,Artist,5,1,Cluster 3
135,Male,20,89000.0,5,Engineer,1,2,Cluster 1
136,Female,29,92000.0,88,Executive,5,5,Cluster 1
137,Female,44,76000.0,7,Artist,5,2,Cluster 3
138,Male,32,85000.0,73,Artist,3,4,Cluster 1
139,Male,19,22000.0,10,Marketing,8,4,Cluster 3
140,Female,35,15000.0,72,Artist,4,4,Cluster 3
141,Female,57,32000.0,5,Engineer,0,2,Cluster 3
142,Male,32,66000.0,93,Artist,0,5,Cluster 3
143,Female,28,62000.0,40,Doctor,5,3,Cluster 3
144,Female,32,85000.0,87,Lawyer,1,2,Cluster 1
145,Male,25,71000.0,12,Engineer,0,5,Cluster 3
146,Male,28,26000.0,97,Marketing,8,5,Cluster 3
147,Male,48,52000.0,36,Engineer,9,2,Cluster 3
148,Female,32,38000.0,74,Lawyer,1,1,Cluster 3
149,Female,34,51000.0,22,Healthcare,7,4,Cluster 3
150,Male,34,90000.0,90,Artist,6,3,Cluster 1
151,Male,43,30000.0,17,Lawyer,0,9,Cluster 3
152,Male,39,41000.0,88,Engineer,0,1,Cluster 3
153,Female,44,17000.0,20,Engineer,0,2,Cluster 3
154,Female,38,92000.0,76,Artist,2,2,Cluster 1
155,Female,47,80000.0,16,Healthcare,0,4,Cluster 3
156,Female,27,10000.0,89,Marketing,8,4,Cluster 3
157,Male,37,16000.0,1,Executive,1,1,Cluster 3
158,Female,30,87000.0,78,Artist,3,4,Cluster 1
159,Male,34,66000.0,1,Lawyer,1,2,Cluster 3
160,Female,30,86000.0,73,Artist,3,3,Cluster 1
161,Female,56,9000.0,35,Artist,1,1,Cluster 3
162,Female,29,50000.0,83,Healthcare,1,5,Cluster 3
163,Male,19,35000.0,5,Executive,0,5,Cluster 3
164,Female,31,58000.0,93,Healthcare,1,5,Cluster 3
165,Male,50,47000.0,26,Doctor,0,2,Cluster 3
166,Female,36,54000.0,75,Artist,5,3,Cluster 3
167,Male,42,79000.0,20,Homemaker,9,3,Cluster 3
168,Female,33,83000.0,95,Artist,0,5,Cluster 1
169,Female,36,57000.0,27,Artist,0,3,Cluster 3
170,Male,32,108776.58,63,Artist,2,2,Cluster 1
171,Male,40,69000.0,13,Artist,3,5,Cluster 3
172,Male,28,4000.0,75,Executive,0,2,Cluster 3
173,Male,36,79000.0,10,Lawyer,0,2,Cluster 3
174,Male,36,99000.0,92,Artist,5,2,Cluster 1
175,Female,52,20000.0,13,Lawyer,0,2,Cluster 3
176,Female,30,28000.0,86,Artist,3,4,Cluster 3
177,Male,58,29000.0,15,Engineer,11,1,Cluster 3
178,Male,27,45000.0,69,Healthcare,2,6,Cluster 3
179,Male,59,86000.0,14,Healthcare,4,3,Cluster 1
180,Male,35,42000.0,90,Engineer,8,1,Cluster 3
181,Female,37,59000.0,32,Artist,7,2,Cluster 3
182,Female,32,61000.0,86,Entertainment,7,5,Cluster 3
183,Male,46,11000.0,15,Artist,7,1,Cluster 3
184,Female,29,66000.0,88,Artist,4,4,Cluster 3
185,Female,41,39000.0,39,Artist,1,1,Cluster 3
186,Male,30,72000.0,97,Artist,6,2,Cluster 3
187,Female,54,14000.0,24,Lawyer,1,2,Cluster 3
188,Male,28,44000.0,68,Doctor,5,3,Cluster 3
189,Female,41,76000.0,17,Engineer,8,2,Cluster 3
190,Female,36,95000.0,85,Artist,4,2,Cluster 1
191,Female,34,92000.0,23,Artist,5,3,Cluster 1
192,Female,32,98000.0,69,Artist,8,2,Cluster 1
193,Male,33,96000.0,8,Executive,9,2,Cluster 1
194,Female,38,45000.0,91,Artist,10,4,Cluster 3
195,Female,47,8000.0,16,Artist,7,2,Cluster 3
196,Female,35,46000.0,79,Executive,1,3,Cluster 3
197,Female,45,78000.0,28,Artist,0,2,Cluster 3
198,Male,32,4000.0,74,Artist,1,5,Cluster 3
199,Male,32,81000.0,18,Executive,1,2,Cluster 1
200,Male,30,33000.0,83,Artist,4,2,Cluster 3
201,Female,21,40000.0,10,Healthcare,0,3,Cluster 3
202,Male,34,85000.0,16,Healthcare,9,3,Cluster 1
204,Female,76,60000.0,39,Healthcare,4,2,Cluster 3
205,Female,62,63000.0,59,Entertainment,0,2,Cluster 3
206,Female,63,10000.0,52,Healthcare,8,3,Cluster 3
207,Female,19,55000.0,61,Healthcare,0,3,Cluster 3
208,Male,46,93000.0,12,Artist,2,1,Cluster 1
209,Female,48,15000.0,7,Doctor,0,2,Cluster 3
210,Female,80,39000.0,33,Engineer,9,4,Cluster 3
212,Female,49,22000.0,92,Artist,2,1,Cluster 3
213,Male,86,12000.0,70,Marketing,2,4,Cluster 3
214,Male,49,50000.0,82,Lawyer,8,1,Cluster 3
215,Male,48,95000.0,68,Doctor,2,4,Cluster 1
216,Female,46,66000.0,70,Healthcare,3,3,Cluster 3
217,Male,79,20000.0,40,Doctor,6,2,Cluster 3
218,Female,83,35000.0,99,Doctor,8,2,Cluster 3
219,Female,66,71000.0,34,Executive,9,2,Cluster 3
221,Female,39,84000.0,33,Artist,5,3,Cluster 1
222,Female,95,72000.0,51,Engineer,4,2,Cluster 3
223,Male,43,33000.0,55,Artist,4,3,Cluster 3
224,Female,93,93000.0,37,Healthcare,1,5,Cluster 1
225,Female,40,83000.0,48,Homemaker,4,1,Cluster 1
226,Female,78,23000.0,8,Engineer,1,1,Cluster 3
227,Female,25,40000.0,77,Artist,5,4,Cluster 3
228,Male,76,89000.0,86,Healthcare,9,4,Cluster 1
229,Male,46,33000.0,64,Marketing,1,1,Cluster 3
232,Male,84,7000.0,28,Healthcare,0,4,Cluster 3
233,Female,67,18000.0,88,Lawyer,0,2,Cluster 3
234,Female,78,3000.0,14,Healthcare,0,4,Cluster 3
236,Female,29,62000.0,34,Healthcare,0,4,Cluster 3
237,Male,91,9000.0,96,Healthcare,1,5,Cluster 3
239,Male,55,37000.0,74,Lawyer,1,4,Cluster 3
241,Male,92,83000.0,16,Executive,1,5,Cluster 1
242,Female,65,79000.0,17,Artist,0,3,Cluster 3
243,Female,84,40000.0,14,Healthcare,1,4,Cluster 3
244,Female,77,47000.0,58,Artist,0,6,Cluster 3
245,Female,53,4000.0,20,Artist,0,4,Cluster 3
246,Female,28,38000.0,75,Entertainment,7,2,Cluster 3
247,Male,23,111573.21,96,Doctor,1,3,Cluster 1
248,Female,32,7000.0,16,Artist,1,2,Cluster 3
249,Female,37,41000.0,2,Artist,1,2,Cluster 3
250,Female,89,65000.0,0,Engineer,0,5,Cluster 3
251,Male,80,20000.0,93,Engineer,1,3,Cluster 3
252,Female,27,44000.0,65,Doctor,8,1,Cluster 3
253,Female,78,3000.0,14,Artist,5,4,Cluster 3
254,Female,86,72000.0,13,Lawyer,7,3,Cluster 3
255,Female,46,27000.0,32,Engineer,4,4,Cluster 3
256,Male,59,85000.0,49,Lawyer,4,2,Cluster 1
258,Male,79,73000.0,96,Homemaker,6,7,Cluster 3
259,Female,79,64000.0,64,Artist,2,3,Cluster 3
260,Male,26,26000.0,60,Executive,6,4,Cluster 3
261,Female,63,47000.0,16,Artist,2,3,Cluster 3
262,Female,52,35000.0,85,Doctor,2,6,Cluster 3
263,Female,32,31000.0,24,Lawyer,2,3,Cluster 3
264,Female,64,13000.0,38,Engineer,3,4,Cluster 3
265,Female,37,79000.0,10,Homemaker,1,7,Cluster 3
267,Female,40,28000.0,68,Artist,1,1,Cluster 3
268,Female,78,36000.0,79,Artist,0,3,Cluster 3
269,Female,34,8000.0,76,Entertainment,6,6,Cluster 3
270,Female,52,88000.0,39,Artist,1,2,Cluster 1
271,Male,94,91000.0,36,Entertainment,0,4,Cluster 1
273,Female,96,1000.0,76,Entertainment,0,3,Cluster 3
274,Female,18,143000.0,99,Artist,0,2,Cluster 2
275,Female,37,18000.0,57,Artist,1,2,Cluster 3
276,Male,78,65000.0,89,Lawyer,1,2,Cluster 3
278,Male,93,95000.0,21,Artist,1,1,Cluster 1
279,Female,74,78000.0,12,Engineer,9,3,Cluster 3
280,Male,68,48000.0,73,Healthcare,3,3,Cluster 3
281,Female,32,63000.0,87,Executive,1,4,Cluster 3
282,Female,43,85000.0,63,Marketing,1,2,Cluster 1
283,Female,52,43000.0,58,Artist,1,3,Cluster 3
284,Female,63,74000.0,20,Artist,1,2,Cluster 3
285,Female,33,67000.0,11,Healthcare,0,1,Cluster 3
286,Male,86,59000.0,40,Artist,0,1,Cluster 3
287,Female,85,140000.0,84,Entertainment,1,1,Cluster 2
288,Female,73,31000.0,47,Healthcare,1,2,Cluster 3
289,Female,21,5000.0,91,Marketing,0,1,Cluster 3
290,Female,93,19000.0,58,Engineer,1,3,Cluster 3
294,Female,48,50000.0,36,Engineer,6,4,Cluster 3
295,Female,73,80000.0,73,Entertainment,2,2,Cluster 3
296,Female,66,69000.0,43,Executive,9,3,Cluster 3
297,Female,79,31000.0,91,Engineer,3,3,Cluster 3
298,Male,62,87000.0,41,Doctor,6,2,Cluster 1
300,Male,32,32000.0,86,Entertainment,5,2,Cluster 3
301,Male,85,153787.0,100,Entertainment,3,3,Cluster 2
302,Male,31,95851.0,16,Healthcare,5,2,Cluster 1
303,Female,31,145015.0,73,Healthcare,6,3,Cluster 2
304,Female,38,148539.0,7,Healthcare,5,2,Cluster 2
305,Female,90,117319.0,21,Lawyer,1,2,Cluster 1
306,Female,65,180243.0,26,Marketing,6,2,Cluster 2
307,Female,63,165052.0,12,Artist,4,2,Cluster 2
308,Female,61,120487.0,14,Doctor,0,2,Cluster 1
309,Male,26,112766.0,83,Engineer,8,4,Cluster 1
311,Male,56,97562.0,15,Executive,5,6,Cluster 1
313,Female,24,118302.0,100,Lawyer,5,1,Cluster 1
316,Male,72,93921.0,93,Lawyer,9,2,Cluster 1
317,Female,54,132046.0,8,Homemaker,4,4,Cluster 1
318,Male,45,183217.0,91,Artist,7,2,Cluster 2
319,Male,66,182937.0,44,Marketing,8,1,Cluster 2
320,Female,27,68272.0,56,Healthcare,8,4,Cluster 3
321,Male,36,69841.0,21,Engineer,10,2,Cluster 3
323,Female,89,110667.0,100,Healthcare,2,4,Cluster 1
325,Female,91,102861.0,40,Artist,4,1,Cluster 1
327,Female,63,64589.0,90,Engineer,7,1,Cluster 3
328,Male,52,152755.0,39,Engineer,4,2,Cluster 2
329,Female,37,92313.0,58,Healthcare,1,5,Cluster 1
330,Female,78,98922.0,2,Artist,2,3,Cluster 1
331,Male,24,165846.0,33,Engineer,0,4,Cluster 2
333,Male,84,137641.0,67,Healthcare,0,5,Cluster 2
334,Male,49,173743.0,96,Artist,0,4,Cluster 2
335,Female,67,116126.0,58,Entertainment,10,2,Cluster 1
336,Female,32,112246.0,30,Healthcare,8,3,Cluster 1
337,Female,39,69384.0,75,Healthcare,1,5,Cluster 3
338,Female,68,76529.0,62,Healthcare,0,2,Cluster 3
340,Female,76,68292.0,55,Artist,8,2,Cluster 3
341,Female,84,173185.0,99,Artist,3,1,Cluster 2
342,Male,75,142034.0,82,Entertainment,1,4,Cluster 2
343,Male,22,107941.0,61,Artist,0,1,Cluster 1
344,Female,90,149840.0,61,Engineer,1,1,Cluster 2
346,Female,78,126599.0,84,Lawyer,0,3,Cluster 1
347,Female,58,57180.0,22,Healthcare,9,1,Cluster 3
348,Female,99,184426.0,41,Artist,9,1,Cluster 2
349,Female,24,151085.0,39,Marketing,2,5,Cluster 2
350,Female,88,166107.0,98,Artist,13,4,Cluster 2
351,Female,92,67850.0,91,Artist,9,4,Cluster 3
352,Male,99,173394.0,4,Engineer,13,1,Cluster 2
353,Female,51,72303.0,98,Lawyer,7,1,Cluster 3
354,Male,23,181760.0,35,Healthcare,14,3,Cluster 2
356,Male,22,172923.0,20,Engineer,6,1,Cluster 2
357,Female,89,115811.0,87,Homemaker,11,4,Cluster 1
358,Male,20,184324.0,51,Marketing,13,5,Cluster 2
359,Female,72,67353.0,19,Lawyer,9,3,Cluster 3
361,Male,90,164914.0,18,Artist,8,3,Cluster 2
362,Male,99,63364.0,61,Entertainment,1,2,Cluster 3
363,Female,39,182352.0,73,Engineer,4,3,Cluster 2
364,Female,37,148544.0,56,Entertainment,1,2,Cluster 2
365,Male,46,62833.0,85,Artist,1,2,Cluster 3
366,Male,65,120627.0,72,Healthcare,0,2,Cluster 1
367,Female,60,130898.0,30,Artist,1,1,Cluster 1
368,Female,93,103130.0,74,Executive,12,3,Cluster 1
369,Male,72,106681.0,15,Healthcare,9,5,Cluster 1
370,Female,36,87353.0,25,Entertainment,1,5,Cluster 1
371,Male,52,88046.0,61,Artist,8,1,Cluster 1
372,Female,72,98168.0,49,Entertainment,1,2,Cluster 1
373,Female,28,178265.0,5,Lawyer,2,1,Cluster 2
374,Female,48,167232.0,92,Doctor,6,4,Cluster 2
375,Male,85,140478.0,43,Doctor,6,4,Cluster 2
376,Male,22,159296.0,83,Artist,8,1,Cluster 2
377,Female,30,144043.0,78,Doctor,1,1,Cluster 2
378,Male,46,72594.0,64,Artist,1,2,Cluster 3
379,Female,82,180288.0,77,Artist,2,2,Cluster 2
380,Female,73,165734.0,51,Entertainment,0,1,Cluster 2
382,Male,90,70201.0,8,Engineer,0,2,Cluster 3
383,Male,34,91503.0,26,Artist,0,6,Cluster 1
385,Female,79,143560.0,83,Artist,1,3,Cluster 2
386,Male,83,131574.0,97,Artist,1,2,Cluster 1
387,Female,20,151124.0,18,Artist,15,3,Cluster 2
388,Female,25,67447.0,5,Artist,15,2,Cluster 3
389,Female,26,117454.0,8,Healthcare,16,2,Cluster 1
390,Female,18,86203.0,23,Doctor,13,1,Cluster 1
393,Male,21,119116.0,30,Artist,17,4,Cluster 1
394,Female,86,163463.0,31,Artist,9,4,Cluster 2
395,Female,75,151696.0,82,Artist,15,1,Cluster 2
396,Male,78,184736.0,52,Lawyer,13,1,Cluster 2
397,Female,87,70419.0,69,Homemaker,6,4,Cluster 3
399,Male,59,130950.0,28,Executive,5,3,Cluster 1
401,Female,55,82285.0,35,Engineer,16,1,Cluster 1
402,Female,50,91389.0,92,Healthcare,11,7,Cluster 1
403,Male,54,186359.0,95,Doctor,13,2,Cluster 2
405,Male,79,166335.0,45,Engineer,5,5,Cluster 2
406,Female,65,119889.0,11,Artist,17,6,Cluster 1
407,Female,51,66852.0,73,Executive,15,3,Cluster 3
408,Male,18,103896.0,36,Executive,16,4,Cluster 1
409,Male,21,187761.0,87,Healthcare,2,3,Cluster 2
410,Male,37,102717.0,93,Healthcare,7,4,Cluster 1
411,Male,83,102647.0,83,Entertainment,0,2,Cluster 1
412,Female,96,113585.0,31,Lawyer,0,4,Cluster 1
413,Female,65,86509.0,88,Artist,0,4,Cluster 1
414,Male,80,59099.0,44,Marketing,1,7,Cluster 3
415,Female,75,135088.0,5,Lawyer,1,5,Cluster 2
416,Female,87,110870.0,78,Engineer,1,4,Cluster 1
417,Female,86,187667.0,12,Artist,0,1,Cluster 2
418,Female,36,124614.0,25,Artist,8,5,Cluster 1
419,Female,78,166492.0,40,Homemaker,9,7,Cluster 2
420,Female,62,172758.0,69,Entertainment,1,2,Cluster 2
421,Male,89,122430.0,19,Healthcare,1,1,Cluster 1
422,Female,56,183540.0,96,Entertainment,0,6,Cluster 2
423,Female,35,96484.0,34,Artist,5,4,Cluster 1
424,Male,33,112587.0,71,Artist,1,4,Cluster 1
425,Female,58,155672.0,71,Entertainment,7,7,Cluster 2
426,Female,68,72847.0,93,Artist,1,2,Cluster 3
427,Male,38,71897.0,32,Entertainment,2,3,Cluster 3
428,Male,31,158479.0,57,Doctor,1,5,Cluster 2
429,Male,90,89251.0,4,Entertainment,1,1,Cluster 1
430,Male,28,179911.0,24,Engineer,1,1,Cluster 2
432,Male,78,127615.0,78,Executive,10,7,Cluster 1
433,Female,23,50076.0,32,Artist,3,5,Cluster 3
434,Female,25,77779.0,62,Artist,4,1,Cluster 3
435,Male,59,169999.0,38,Engineer,5,5,Cluster 2
437,Female,24,78223.0,41,Lawyer,0,1,Cluster 3
439,Male,37,153399.0,93,Entertainment,1,6,Cluster 2
443,Female,95,66322.0,88,Artist,0,3,Cluster 3
444,Female,48,68761.0,16,Lawyer,1,4,Cluster 3
446,Male,54,65874.0,87,Artist,7,6,Cluster 3
447,Male,89,115996.0,24,Engineer,15,1,Cluster 1
448,Female,58,67097.0,91,Engineer,6,1,Cluster 3
452,Male,74,128266.0,55,Engineer,7,4,Cluster 1
453,Female,64,156777.0,20,Healthcare,7,2,Cluster 2
454,Female,48,123234.0,50,Lawyer,10,7,Cluster 1
458,Female,21,153885.0,86,Artist,6,6,Cluster 2
459,Male,84,53500.0,44,Marketing,3,4,Cluster 3
461,Female,47,124072.0,56,Lawyer,0,7,Cluster 1
462,Female,96,135800.0,29,Healthcare,0,7,Cluster 2
463,Male,93,120597.0,96,Artist,2,4,Cluster 1
465,Male,56,53231.0,41,Marketing,0,5,Cluster 3
466,Female,76,156330.0,31,Engineer,1,2,Cluster 2
467,Male,47,186002.0,80,Doctor,15,2,Cluster 2
468,Female,70,111760.0,53,Executive,12,5,Cluster 1
469,Female,47,143906.0,12,Artist,4,3,Cluster 2
471,Male,86,98463.0,46,Homemaker,10,5,Cluster 1
472,Male,91,93762.0,28,Artist,15,7,Cluster 1
473,Male,97,104582.0,50,Healthcare,8,2,Cluster 1
474,Male,20,130813.0,92,Artist,17,5,Cluster 1
476,Female,28,79968.0,45,Lawyer,9,2,Cluster 3
477,Male,32,104824.0,42,Artist,0,7,Cluster 1
478,Male,82,188719.0,30,Lawyer,0,6,Cluster 2
479,Male,39,187536.0,66,Healthcare,3,6,Cluster 2
482,Female,34,154888.0,43,Healthcare,9,6,Cluster 2
483,Male,76,155622.0,81,Healthcare,0,2,Cluster 2
484,Female,30,62330.0,60,Healthcare,1,1,Cluster 3
485,Female,69,112838.0,34,Healthcare,1,7,Cluster 1
486,Male,22,58283.0,59,Homemaker,2,4,Cluster 3
487,Female,60,77857.0,81,Artist,1,6,Cluster 3
488,Male,66,125024.0,25,Artist,0,1,Cluster 1
489,Female,57,136242.0,34,Artist,9,1,Cluster 2
490,Female,60,81934.0,81,Healthcare,1,4,Cluster 1
491,Female,59,130511.0,97,Artist,3,4,Cluster 1
492,Female,54,144502.0,88,Lawyer,3,1,Cluster 2
493,Male,90,63769.0,6,Artist,4,2,Cluster 3
495,Female,34,135115.0,54,Entertainment,1,7,Cluster 2
496,Female,85,179877.0,17,Healthcare,12,4,Cluster 2
497,Female,83,93351.0,65,Doctor,1,1,Cluster 1
500,Male,41,65723.0,91,Artist,6,7,Cluster 3
501,Female,38,96794.0,96,Healthcare,6,3,Cluster 1
502,Male,68,72352.0,61,Healthcare,8,5,Cluster 3
506,Female,20,111896.0,90,Executive,1,3,Cluster 1
508,Male,36,88565.0,16,Healthcare,1,5,Cluster 1
509,Female,70,104974.0,63,Artist,1,1,Cluster 1
511,Female,31,69018.0,17,Artist,6,1,Cluster 3
512,Female,48,174109.0,96,Entertainment,0,1,Cluster 2
513,Male,28,62186.0,29,Marketing,0,1,Cluster 3
514,Male,97,183783.0,70,Healthcare,9,3,Cluster 2
515,Male,81,83771.0,1,Artist,1,2,Cluster 1
516,Female,37,148196.0,91,Artist,0,2,Cluster 2
517,Male,85,131742.0,87,Entertainment,1,1,Cluster 1
518,Female,78,59971.0,94,Homemaker,14,7,Cluster 3
520,Female,53,140107.0,38,Healthcare,1,5,Cluster 2
521,Female,41,161896.0,49,Entertainment,1,3,Cluster 2
523,Male,20,119952.0,2,Healthcare,8,2,Cluster 1
524,Female,98,167197.0,63,Doctor,1,5,Cluster 2
525,Female,44,186116.0,2,Healthcare,8,6,Cluster 2
526,Female,66,134677.0,59,Healthcare,15,5,Cluster 2
527,Female,58,180479.0,74,Healthcare,0,3,Cluster 2
528,Male,97,112783.0,21,Artist,9,6,Cluster 1
530,Male,48,115832.0,92,Artist,2,2,Cluster 1
531,Female,47,104834.0,44,Artist,0,7,Cluster 1
532,Male,93,152571.0,66,Doctor,14,5,Cluster 2
534,Female,68,171761.0,59,Doctor,1,6,Cluster 2
535,Female,87,77709.0,73,Artist,0,1,Cluster 3
536,Female,22,95053.0,17,Entertainment,1,2,Cluster 1
537,Male,89,74820.0,33,Doctor,1,2,Cluster 3
538,Male,57,152267.0,92,Engineer,9,5,Cluster 2
539,Male,91,71925.0,14,Artist,4,2,Cluster 3
540,Female,84,151340.0,95,Artist,1,7,Cluster 2
541,Male,56,162921.0,51,Executive,0,4,Cluster 2
542,Female,26,52234.0,30,Executive,1,2,Cluster 3
543,Female,56,100271.0,87,Artist,1,5,Cluster 1
545,Female,33,88763.0,1,Entertainment,1,1,Cluster 1
547,Male,99,164781.0,83,Engineer,0,2,Cluster 2
548,Female,25,156016.0,85,Artist,2,1,Cluster 2
549,Female,96,186882.0,40,Entertainment,1,7,Cluster 2
550,Female,35,99300.0,88,Homemaker,5,2,Cluster 1
552,Female,81,89211.0,12,Doctor,1,7,Cluster 1
554,Female,31,139592.0,62,Marketing,1,1,Cluster 2
556,Male,89,57033.0,99,Artist,0,4,Cluster 3
557,Male,84,117612.0,63,Engineer,0,6,Cluster 1
558,Male,40,185321.0,96,Artist,0,7,Cluster 2
560,Male,49,151298.0,89,Artist,0,6,Cluster 2
561,Female,69,123925.0,52,Artist,1,7,Cluster 1
563,Female,51,142892.0,25,Entertainment,8,1,Cluster 2
564,Female,34,58979.0,3,Entertainment,9,5,Cluster 3
565,Female,51,141416.0,100,Healthcare,15,1,Cluster 2
566,Male,54,104854.0,67,Healthcare,1,7,Cluster 1
567,Female,19,180331.0,14,Artist,17,5,Cluster 2
568,Female,99,172896.0,13,Engineer,0,3,Cluster 2
570,Female,91,189974.0,37,Engineer,8,1,Cluster 2
571,Male,65,90084.0,65,Artist,1,6,Cluster 1
572,Female,47,112247.0,24,Executive,4,5,Cluster 1
573,Female,91,181775.0,61,Artist,4,5,Cluster 2
574,Female,64,59088.0,31,Artist,1,3,Cluster 3
575,Female,91,60856.0,23,Artist,1,6,Cluster 3
576,Male,32,149900.0,34,Artist,6,3,Cluster 2
578,Male,22,162598.0,84,Artist,8,3,Cluster 2
579,Female,37,146195.0,89,Healthcare,4,4,Cluster 2
580,Male,83,135268.0,53,Lawyer,4,5,Cluster 2
581,Female,89,136037.0,1,Marketing,5,1,Cluster 2
582,Female,33,111191.0,67,Artist,9,4,Cluster 1
584,Female,71,177359.0,56,Doctor,6,2,Cluster 2
586,Male,49,53509.0,98,Artist,5,4,Cluster 3
588,Female,53,86766.0,2,Lawyer,16,3,Cluster 1
589,Female,63,52661.0,25,Healthcare,12,5,Cluster 3
590,Female,46,148520.0,14,Healthcare,11,5,Cluster 2
591,Male,42,149936.0,52,Artist,15,3,Cluster 2
592,Female,73,102296.0,31,Entertainment,7,5,Cluster 1
593,Male,75,178416.0,16,Executive,10,7,Cluster 2
594,Female,49,83788.0,41,Doctor,15,1,Cluster 1
595,Female,96,184771.0,77,Engineer,8,5,Cluster 2
596,Female,52,70302.0,88,Executive,14,3,Cluster 3
598,Male,91,97879.0,40,Entertainment,15,7,Cluster 1
599,Male,22,64707.0,29,Entertainment,7,3,Cluster 3
600,Male,62,71795.0,87,Healthcare,8,1,Cluster 3
601,Male,41,76567.0,85,Doctor,16,1,Cluster 3
603,Female,71,154007.0,32,Artist,7,7,Cluster 2
604,Female,91,69720.0,78,Lawyer,17,6,Cluster 3
605,Female,94,85265.0,68,Executive,7,6,Cluster 1
608,Female,96,145457.0,57,Executive,2,1,Cluster 2
610,Female,23,73759.0,83,Doctor,0,7,Cluster 3
611,Male,94,90082.0,17,Artist,5,7,Cluster 1
613,Female,74,101352.0,36,Lawyer,0,5,Cluster 1
614,Female,52,93947.0,81,Healthcare,9,2,Cluster 1
615,Male,39,134629.0,23,Engineer,1,6,Cluster 2
616,Male,72,101858.0,70,Healthcare,8,6,Cluster 1
617,Female,55,165501.0,47,Artist,10,4,Cluster 2
618,Male,29,135931.0,74,Lawyer,5,1,Cluster 2
619,Male,38,103356.0,20,Marketing,1,6,Cluster 1
620,Female,44,75195.0,79,Artist,1,3,Cluster 3
621,Male,58,123083.0,44,Entertainment,6,5,Cluster 1
622,Male,77,73884.0,30,Healthcare,1,2,Cluster 3
623,Female,56,91180.0,61,Entertainment,1,7,Cluster 1
624,Male,79,86235.0,52,Artist,0,2,Cluster 1
625,Female,97,96400.0,4,Doctor,1,7,Cluster 1
626,Male,78,83599.0,12,Healthcare,1,6,Cluster 1
627,Female,91,82535.0,50,Healthcare,0,1,Cluster 1
628,Male,35,92227.0,8,Lawyer,0,5,Cluster 1
629,Female,43,150444.0,27,Artist,13,4,Cluster 2
630,Female,37,149095.0,83,Lawyer,1,2,Cluster 2
631,Male,63,113605.0,42,Artist,3,3,Cluster 1
633,Male,32,118280.0,92,Artist,0,5,Cluster 1
634,Male,91,94576.0,90,Artist,0,1,Cluster 1
635,Female,33,129257.0,70,Executive,6,3,Cluster 1
636,Female,57,70373.0,10,Healthcare,2,6,Cluster 3
637,Female,43,77600.0,66,Healthcare,0,1,Cluster 3
638,Female,26,113707.0,97,Entertainment,0,5,Cluster 1
639,Female,59,189672.0,8,Doctor,0,7,Cluster 2
640,Female,61,143180.0,58,Artist,0,5,Cluster 2
641,Female,59,174890.0,14,Marketing,3,4,Cluster 2
643,Male,26,154857.0,13,Healthcare,0,7,Cluster 2
644,Female,67,160945.0,51,Healthcare,0,5,Cluster 2
645,Female,85,119557.0,35,Artist,0,2,Cluster 1
646,Female,76,187141.0,33,Doctor,0,7,Cluster 2
647,Female,57,97468.0,22,Artist,0,1,Cluster 1
648,Female,77,160351.0,77,Lawyer,8,5,Cluster 2
649,Female,66,178627.0,94,Healthcare,1,2,Cluster 2
650,Female,49,170188.0,80,Lawyer,1,6,Cluster 2
651,Female,36,166007.0,40,Doctor,1,4,Cluster 2
652,Male,74,91794.0,83,Entertainment,0,7,Cluster 1
654,Male,27,152717.0,15,Executive,1,6,Cluster 2
656,Male,31,134263.0,94,Marketing,1,3,Cluster 2
657,Female,30,148236.0,28,Executive,1,1,Cluster 2
658,Male,94,171677.0,81,Artist,0,6,Cluster 2
659,Female,31,189446.0,38,Artist,1,6,Cluster 2
660,Male,49,106633.0,53,Artist,0,3,Cluster 1
661,Male,49,81084.0,48,Executive,6,5,Cluster 1
662,Male,53,148759.0,52,Doctor,7,7,Cluster 2
664,Female,91,159537.0,37,Doctor,4,1,Cluster 2
665,Male,26,79526.0,6,Marketing,9,7,Cluster 3
667,Female,92,109519.0,72,Entertainment,1,4,Cluster 1
668,Female,59,156880.0,70,Artist,0,7,Cluster 2
670,Female,23,144916.0,84,Engineer,1,7,Cluster 2
671,Male,54,59163.0,100,Marketing,3,3,Cluster 3
672,Female,93,93991.0,49,Artist,1,3,Cluster 1
673,Female,65,58318.0,45,Doctor,1,1,Cluster 3
675,Male,71,84622.0,45,Doctor,0,6,Cluster 1
677,Female,57,87553.0,94,Artist,1,1,Cluster 1
679,Female,77,180831.0,33,Healthcare,1,2,Cluster 2
680,Female,89,137397.0,33,Doctor,1,7,Cluster 2
682,Male,86,172477.0,69,Entertainment,1,3,Cluster 2
683,Male,42,59954.0,37,Executive,4,4,Cluster 3
684,Female,29,112240.0,95,Entertainment,0,4,Cluster 1
685,Female,54,145679.0,35,Artist,0,2,Cluster 2
686,Male,96,136265.0,49,Artist,12,5,Cluster 2
687,Female,58,74869.0,12,Healthcare,0,3,Cluster 3
688,Female,52,109425.0,46,Engineer,0,1,Cluster 1
692,Male,89,113834.0,22,Doctor,0,3,Cluster 1
693,Male,83,132005.0,2,Entertainment,0,5,Cluster 1
694,Female,80,171323.0,78,Lawyer,10,4,Cluster 2
695,Female,74,92355.0,87,Entertainment,1,4,Cluster 1
696,Male,42,60982.0,3,Healthcare,0,5,Cluster 3
697,Female,91,51742.0,33,Artist,8,3,Cluster 3
698,Female,31,138612.0,71,Executive,9,2,Cluster 2
700,Male,64,164675.0,65,Executive,0,5,Cluster 2
701,Female,41,172882.0,27,Healthcare,8,7,Cluster 2
702,Female,62,70119.0,93,Artist,0,1,Cluster 3
703,Male,41,113998.0,26,Healthcare,7,7,Cluster 1
706,Female,38,130597.0,2,Artist,6,1,Cluster 1
707,Female,88,121597.0,7,Engineer,0,5,Cluster 1
708,Male,56,103210.0,100,Artist,6,6,Cluster 1
709,Male,47,66308.0,8,Executive,0,4,Cluster 3
711,Male,82,153632.0,76,Entertainment,9,7,Cluster 2
712,Female,31,65520.0,71,Lawyer,1,2,Cluster 3
713,Female,69,153217.0,83,Healthcare,1,6,Cluster 2
714,Male,62,92768.0,75,Doctor,1,1,Cluster 1
715,Female,54,132345.0,10,Artist,0,2,Cluster 1
716,Female,60,186069.0,49,Marketing,1,2,Cluster 2
717,Female,31,53802.0,32,Artist,1,7,Cluster 3
720,Female,37,145648.0,21,Healthcare,7,6,Cluster 2
721,Male,36,85737.0,37,Executive,0,3,Cluster 1
722,Female,27,99950.0,20,Entertainment,0,4,Cluster 1
724,Male,83,73410.0,50,Entertainment,8,5,Cluster 3
725,Female,71,64310.0,43,Marketing,2,1,Cluster 3
726,Female,20,59844.0,79,Doctor,0,1,Cluster 3
728,Male,52,172841.0,4,Engineer,0,1,Cluster 2
729,Male,75,145528.0,61,Healthcare,1,2,Cluster 2
730,Male,36,173807.0,42,Artist,0,2,Cluster 2
731,Male,60,185794.0,69,Entertainment,7,1,Cluster 2
734,Female,41,118122.0,52,Entertainment,0,6,Cluster 1
735,Male,38,99964.0,11,Healthcare,7,4,Cluster 1
736,Female,69,120752.0,27,Executive,1,6,Cluster 1
737,Female,33,189630.0,53,Executive,5,5,Cluster 2
738,Male,64,125510.0,6,Healthcare,3,3,Cluster 1
739,Male,19,101799.0,49,Engineer,1,1,Cluster 1
740,Female,88,92914.0,74,Artist,0,3,Cluster 1
741,Female,91,162465.0,59,Engineer,9,3,Cluster 2
742,Male,84,163818.0,27,Engineer,2,1,Cluster 2
743,Female,43,53832.0,56,Entertainment,4,1,Cluster 3
744,Female,30,140190.0,49,Engineer,1,4,Cluster 2
746,Male,89,100938.0,27,Entertainment,0,7,Cluster 1
748,Female,54,176885.0,10,Entertainment,0,3,Cluster 2
749,Female,41,111174.0,28,Artist,4,5,Cluster 1
750,Male,80,127335.0,97,Artist,6,6,Cluster 1
751,Male,37,149103.0,3,Healthcare,10,1,Cluster 2
752,Male,87,167705.0,31,Healthcare,0,7,Cluster 2
753,Female,50,183548.0,85,Entertainment,1,4,Cluster 2
756,Female,98,87878.0,55,Artist,1,6,Cluster 1
758,Female,83,118110.0,26,Engineer,1,5,Cluster 1
760,Female,46,62628.0,64,Entertainment,8,6,Cluster 3
761,Female,25,51700.0,17,Healthcare,4,6,Cluster 3
763,Male,64,93000.0,67,Lawyer,0,2,Cluster 1
764,Female,84,144148.0,71,Doctor,1,4,Cluster 2
766,Female,56,171560.0,78,Engineer,0,2,Cluster 2
767,Male,58,156366.0,60,Entertainment,8,1,Cluster 2
768,Female,46,143910.0,22,Marketing,1,7,Cluster 2
769,Female,25,106569.0,84,Engineer,1,3,Cluster 1
770,Male,28,173009.0,25,Healthcare,9,6,Cluster 2
771,Male,78,54252.0,29,Engineer,0,5,Cluster 3
772,Male,56,104600.0,57,Entertainment,6,3,Cluster 1
773,Male,91,50250.0,54,Artist,0,2,Cluster 3
774,Male,77,93242.0,84,Entertainment,0,7,Cluster 1
775,Female,83,156839.0,38,Artist,3,7,Cluster 2
776,Female,64,71305.0,39,Artist,9,2,Cluster 3
777,Male,19,85975.0,73,Entertainment,0,6,Cluster 1
778,Male,94,188107.0,52,Engineer,10,2,Cluster 2
779,Male,19,82333.0,35,Marketing,1,2,Cluster 1
780,Male,84,125016.0,25,Entertainment,1,7,Cluster 1
782,Female,19,58217.0,70,Artist,0,1,Cluster 3
783,Male,74,76521.0,29,Engineer,7,4,Cluster 3
784,Female,95,117763.0,42,Artist,1,2,Cluster 1
785,Female,34,115184.0,93,Homemaker,1,4,Cluster 1
786,Male,30,54251.0,7,Artist,2,6,Cluster 3
787,Female,53,112530.0,24,Entertainment,2,6,Cluster 1
788,Male,67,107409.0,2,Artist,1,6,Cluster 1
789,Female,23,84793.0,23,Homemaker,9,6,Cluster 1
790,Female,25,66952.0,79,Entertainment,1,2,Cluster 3
791,Female,84,153465.0,11,Lawyer,1,4,Cluster 2
793,Male,70,152069.0,42,Entertainment,4,4,Cluster 2
794,Female,56,132860.0,17,Healthcare,7,2,Cluster 1
795,Female,48,147719.0,86,Lawyer,1,7,Cluster 2
796,Female,91,172915.0,29,Doctor,9,1,Cluster 2
797,Female,81,148594.0,29,Entertainment,3,5,Cluster 2
798,Male,33,61986.0,77,Executive,0,1,Cluster 3
799,Male,75,91456.0,13,Artist,1,4,Cluster 1
801,Female,61,140516.0,50,Artist,0,3,Cluster 2
803,Female,62,133822.0,78,Marketing,0,4,Cluster 2
804,Female,44,175424.0,32,Artist,4,5,Cluster 2
805,Female,67,121528.0,92,Healthcare,8,4,Cluster 1
806,Female,30,189369.0,69,Healthcare,0,3,Cluster 2
807,Female,92,80808.0,26,Artist,1,1,Cluster 1
808,Male,25,57535.0,84,Entertainment,1,7,Cluster 3
809,Female,61,163509.0,51,Healthcare,0,4,Cluster 2
810,Female,72,75884.0,57,Executive,0,7,Cluster 3
811,Female,89,157759.0,52,Artist,1,6,Cluster 2
812,Female,37,184813.0,44,Executive,0,2,Cluster 2
813,Male,59,187253.0,51,Executive,8,7,Cluster 2
814,Male,41,81718.0,36,Entertainment,1,3,Cluster 1
815,Male,60,150019.0,37,Doctor,1,2,Cluster 2
816,Female,81,53452.0,73,Entertainment,1,6,Cluster 3
817,Male,85,150765.0,42,Homemaker,8,2,Cluster 2
819,Female,65,56647.0,12,Doctor,6,4,Cluster 3
820,Female,19,117477.0,48,Healthcare,6,7,Cluster 1
821,Female,78,79677.0,9,Artist,10,7,Cluster 3
822,Female,46,116759.0,28,Marketing,7,3,Cluster 1
823,Male,26,180702.0,21,Entertainment,6,1,Cluster 2
825,Female,60,169346.0,55,Healthcare,7,2,Cluster 2
826,Female,67,93176.0,25,Artist,4,1,Cluster 1
829,Male,28,81545.0,36,Artist,4,7,Cluster 1
830,Male,67,67372.0,75,Artist,0,7,Cluster 3
831,Female,30,109703.0,61,Executive,1,1,Cluster 1
832,Male,38,166697.0,39,Marketing,13,4,Cluster 2
833,Female,40,124982.0,34,Engineer,1,7,Cluster 1
836,Female,51,117620.0,60,Healthcare,7,6,Cluster 1
837,Male,63,85351.0,57,Healthcare,0,2,Cluster 1
838,Male,65,174432.0,8,Artist,0,7,Cluster 2
839,Male,44,70787.0,68,Doctor,1,3,Cluster 3
840,Female,90,75473.0,63,Healthcare,0,7,Cluster 3
841,Male,76,90082.0,49,Healthcare,1,6,Cluster 1
842,Female,62,185388.0,54,Healthcare,0,2,Cluster 2
844,Female,67,184628.0,38,Artist,12,2,Cluster 2
845,Female,38,176551.0,45,Healthcare,8,1,Cluster 2
846,Female,31,76422.0,21,Healthcare,9,7,Cluster 3
848,Female,82,109188.0,38,Lawyer,5,7,Cluster 1
849,Female,66,132951.0,26,Healthcare,4,1,Cluster 1
850,Female,75,164598.0,32,Healthcare,8,1,Cluster 2
852,Female,62,111859.0,86,Healthcare,6,1,Cluster 1
853,Female,48,121926.0,41,Lawyer,7,1,Cluster 1
855,Female,22,131748.0,23,Artist,1,3,Cluster 1
856,Male,76,142801.0,23,Lawyer,0,1,Cluster 2
857,Male,85,142723.0,46,Engineer,0,6,Cluster 2
858,Male,21,155151.0,16,Marketing,14,3,Cluster 2
859,Female,64,153607.0,48,Healthcare,1,4,Cluster 2
860,Male,94,144192.0,34,Healthcare,0,3,Cluster 2
861,Female,83,174159.0,22,Lawyer,4,4,Cluster 2
862,Female,93,73642.0,50,Marketing,0,3,Cluster 3
864,Female,55,141351.0,10,Engineer,0,2,Cluster 2
865,Female,79,167411.0,9,Marketing,12,5,Cluster 2
866,Male,90,58289.0,49,Artist,5,6,Cluster 3
867,Female,45,79801.0,77,Doctor,0,2,Cluster 3
868,Female,82,146118.0,52,Marketing,8,7,Cluster 2
869,Female,57,57337.0,14,Healthcare,1,4,Cluster 3
870,Female,43,113575.0,6,Entertainment,1,2,Cluster 1
871,Male,63,122658.0,65,Engineer,6,2,Cluster 1
872,Female,62,151836.0,13,Artist,0,6,Cluster 2
873,Female,43,185900.0,80,Homemaker,9,4,Cluster 2
874,Female,34,94029.0,98,Healthcare,1,4,Cluster 1
875,Female,30,157290.0,22,Artist,2,2,Cluster 2
876,Male,97,175996.0,42,Entertainment,10,4,Cluster 2
877,Male,68,102016.0,37,Artist,0,4,Cluster 1
880,Male,25,128258.0,48,Executive,0,2,Cluster 1
881,Female,29,62475.0,24,Artist,6,4,Cluster 3
882,Female,85,82854.0,75,Artist,6,4,Cluster 1
883,Female,30,59284.0,38,Doctor,7,7,Cluster 3
885,Female,88,171362.0,90,Executive,6,4,Cluster 2
887,Female,95,76646.0,61,Artist,0,1,Cluster 3
888,Female,92,78308.0,66,Executive,5,2,Cluster 3
889,Female,63,78971.0,89,Engineer,1,2,Cluster 3
890,Female,75,65528.0,73,Marketing,1,5,Cluster 3
891,Male,67,94199.0,71,Artist,5,7,Cluster 1
892,Female,58,135705.0,48,Engineer,8,7,Cluster 2
893,Male,52,130573.0,31,Entertainment,8,3,Cluster 1
894,Female,85,152303.0,68,Artist,1,5,Cluster 2
895,Female,31,144582.0,89,Doctor,1,1,Cluster 2
896,Female,84,93288.0,60,Artist,10,6,Cluster 1
897,Female,93,88192.0,3,Marketing,10,2,Cluster 1
898,Male,18,62362.0,81,Lawyer,7,3,Cluster 3
899,Male,73,74350.0,39,Lawyer,10,1,Cluster 3
902,Male,53,160980.0,62,Doctor,4,2,Cluster 2
903,Female,75,102904.0,28,Artist,7,6,Cluster 1
905,Female,47,157661.0,57,Healthcare,6,6,Cluster 2
906,Female,66,118385.0,8,Healthcare,10,3,Cluster 1
910,Female,52,167214.0,94,Homemaker,8,7,Cluster 2
911,Male,21,69644.0,19,Artist,5,1,Cluster 3
912,Female,19,120215.0,46,Homemaker,7,2,Cluster 1
913,Female,29,180401.0,23,Engineer,7,6,Cluster 2
914,Female,40,113739.0,93,Artist,5,7,Cluster 1
915,Male,76,111717.0,41,Healthcare,1,2,Cluster 1
916,Male,91,62808.0,20,Engineer,0,4,Cluster 3
917,Female,24,67582.0,13,Artist,1,3,Cluster 3
919,Male,90,89667.0,69,Artist,0,2,Cluster 1
920,Female,56,98980.0,65,Engineer,0,1,Cluster 1
922,Male,52,189091.0,12,Artist,0,6,Cluster 2
924,Male,30,106314.0,16,Artist,0,7,Cluster 1
925,Female,70,62901.0,60,Artist,8,5,Cluster 3
927,Female,95,72068.0,97,Healthcare,0,6,Cluster 3
929,Female,95,118575.0,10,Entertainment,1,3,Cluster 1
931,Male,82,114776.0,55,Entertainment,10,3,Cluster 1
933,Male,51,162072.0,86,Engineer,1,1,Cluster 2
934,Male,63,172872.0,11,Healthcare,0,7,Cluster 2
935,Female,30,182162.0,6,Artist,1,3,Cluster 2
936,Female,68,71467.0,81,Artist,5,7,Cluster 3
937,Female,21,85568.0,1,Healthcare,0,6,Cluster 1
938,Female,99,56851.0,72,Entertainment,6,3,Cluster 3
939,Female,49,116782.0,73,Artist,9,5,Cluster 1
940,Female,80,67781.0,1,Entertainment,4,4,Cluster 3
941,Female,51,70152.0,29,Healthcare,0,2,Cluster 3
942,Male,18,185861.0,82,Artist,3,6,Cluster 2
943,Male,43,162595.0,17,Artist,3,3,Cluster 2
944,Female,29,80098.0,54,Lawyer,10,6,Cluster 3
945,Female,20,184801.0,8,Lawyer,1,1,Cluster 2
946,Female,39,58908.0,37,Artist,6,6,Cluster 3
948,Female,45,135174.0,39,Artist,9,4,Cluster 2
949,Female,65,114244.0,64,Artist,0,1,Cluster 1
950,Female,64,157207.0,52,Healthcare,0,4,Cluster 2
951,Female,81,128834.0,23,Entertainment,5,4,Cluster 1
952,Male,54,51166.0,24,Entertainment,0,7,Cluster 3
953,Female,32,130118.0,36,Artist,0,4,Cluster 1
954,Male,29,87014.0,71,Doctor,11,4,Cluster 1
955,Female,25,111379.0,93,Artist,0,2,Cluster 1
957,Female,55,90558.0,49,Healthcare,8,2,Cluster 1
959,Female,81,111174.0,48,Entertainment,9,6,Cluster 1
960,Male,87,64461.0,63,Engineer,4,4,Cluster 3
962,Male,91,189357.0,4,Lawyer,7,1,Cluster 2
963,Female,63,120955.0,79,Artist,6,1,Cluster 1
964,Female,97,168898.0,54,Homemaker,8,7,Cluster 2
965,Male,89,130431.0,52,Healthcare,6,3,Cluster 1
966,Male,59,161091.0,56,Engineer,9,1,Cluster 2
967,Female,26,69988.0,2,Homemaker,5,4,Cluster 3
969,Male,32,186897.0,49,Healthcare,1,7,Cluster 2
970,Female,98,109061.0,41,Engineer,6,1,Cluster 1
971,Male,31,188620.0,30,Artist,3,6,Cluster 2
972,Female,59,108675.0,57,Artist,4,5,Cluster 1
973,Female,80,177601.0,34,Entertainment,0,2,Cluster 2
975,Male,80,95929.0,23,Engineer,0,2,Cluster 1
976,Male,59,97185.0,87,Entertainment,0,5,Cluster 1
977,Female,56,103838.0,17,Artist,1,2,Cluster 1
978,Male,18,129260.0,11,Doctor,1,3,Cluster 1
979,Female,66,151184.0,19,Artist,1,4,Cluster 2
980,Female,67,177512.0,62,Engineer,2,3,Cluster 2
981,Male,39,140099.0,51,Lawyer,0,7,Cluster 2
982,Male,23,67535.0,97,Healthcare,7,6,Cluster 3
983,Male,47,133236.0,61,Executive,1,6,Cluster 1
984,Female,41,87975.0,5,Homemaker,9,7,Cluster 1
985,Female,40,164350.0,23,Healthcare,0,5,Cluster 2
986,Male,36,55109.0,53,Artist,8,3,Cluster 3
988,Female,60,185306.0,47,Entertainment,0,2,Cluster 2
989,Female,24,154787.0,84,Executive,3,5,Cluster 2
991,Female,92,114571.0,51,Executive,1,3,Cluster 1
992,Male,32,130697.0,93,Artist,1,2,Cluster 1
993,Male,39,115916.0,24,Doctor,13,6,Cluster 1
994,Female,50,69814.0,53,Artist,9,2,Cluster 3
995,Female,85,118161.0,74,Engineer,0,4,Cluster 1
996,Male,65,56583.0,65,Healthcare,2,3,Cluster 3
998,Female,31,171825.0,22,Entertainment,10,4,Cluster 2
999,Male,24,77976.0,95,Artist,11,3,Cluster 3
1000,Male,97,66312.0,75,Entertainment,0,1,Cluster 3
1001,Female,92,81839.0,11,Entertainment,0,4,Cluster 1
1002,Female,80,55712.0,5,Artist,5,6,Cluster 3
1003,Male,33,158335.0,45,Healthcare,2,5,Cluster 2
1005,Male,67,119625.0,3,Healthcare,4,4,Cluster 1
1007,Female,61,101007.0,60,Lawyer,0,6,Cluster 1
1008,Male,83,87529.0,49,Artist,9,7,Cluster 1
1012,Female,80,125623.0,62,Executive,0,4,Cluster 1
1013,Female,85,104054.0,22,Artist,8,4,Cluster 1
1014,Male,88,83535.0,56,Artist,1,5,Cluster 1
1015,Female,76,166245.0,13,Executive,7,3,Cluster 2
1016,Female,32,100890.0,60,Entertainment,4,4,Cluster 1
1017,Female,99,55972.0,83,Entertainment,1,7,Cluster 3
1018,Female,85,134282.0,39,Artist,2,5,Cluster 2
1019,Female,25,106669.0,22,Lawyer,1,7,Cluster 1
1020,Female,99,145777.0,94,Executive,1,5,Cluster 2
1021,Male,41,119259.0,91,Healthcare,1,5,Cluster 1
1023,Female,45,55472.0,51,Healthcare,1,3,Cluster 3
1024,Male,55,99423.0,82,Healthcare,0,5,Cluster 1
1025,Female,20,146221.0,25,Marketing,0,3,Cluster 2
1026,Female,33,84238.0,31,Artist,1,2,Cluster 1
1027,Male,92,57032.0,75,Entertainment,1,5,Cluster 3
1028,Male,93,88811.0,52,Engineer,0,4,Cluster 1
1029,Male,60,167420.0,38,Artist,5,2,Cluster 2
1030,Male,38,101846.0,17,Doctor,3,2,Cluster 1
1032,Male,74,147449.0,16,Artist,1,5,Cluster 2
1033,Female,47,83043.0,76,Executive,0,1,Cluster 1
1034,Female,96,168990.0,81,Doctor,9,5,Cluster 2
1035,Male,97,73867.0,65,Healthcare,4,5,Cluster 3
1036,Female,35,165772.0,51,Healthcare,1,4,Cluster 2
1037,Female,19,178217.0,38,Marketing,0,3,Cluster 2
1038,Male,60,162612.0,98,Engineer,1,6,Cluster 2
1039,Male,37,99872.0,53,Entertainment,11,3,Cluster 1
1040,Female,49,142566.0,77,Artist,1,7,Cluster 2
1042,Male,43,187841.0,38,Artist,1,4,Cluster 2
1043,Female,46,171921.0,50,Artist,1,6,Cluster 2
1044,Female,65,115299.0,87,Artist,6,3,Cluster 1
1045,Male,75,94129.0,27,Healthcare,6,7,Cluster 1
1046,Male,40,172378.0,39,Entertainment,5,6,Cluster 2
1047,Male,28,146597.0,31,Engineer,1,4,Cluster 2
1048,Female,78,64057.0,44,Doctor,0,3,Cluster 3
1049,Female,22,163585.0,49,Artist,9,5,Cluster 2
1051,Male,46,149764.0,1,Entertainment,0,6,Cluster 2
1053,Female,46,109346.0,37,Entertainment,1,2,Cluster 1
1054,Female,72,111587.0,99,Artist,7,4,Cluster 1
1055,Female,38,166644.0,66,Artist,8,6,Cluster 2
1056,Female,50,181270.0,56,Artist,1,1,Cluster 2
1057,Male,47,65207.0,81,Healthcare,1,2,Cluster 3
1058,Female,72,112146.0,21,Homemaker,8,4,Cluster 1
1060,Female,34,139009.0,24,Artist,0,4,Cluster 2
1061,Female,53,67916.0,82,Healthcare,0,6,Cluster 3
1062,Female,82,99983.0,88,Executive,0,1,Cluster 1
1063,Male,63,131122.0,40,Artist,9,6,Cluster 1
1064,Female,58,173190.0,37,Doctor,9,4,Cluster 2
1065,Male,23,122712.0,21,Marketing,1,1,Cluster 1
1066,Female,80,55792.0,30,Artist,1,6,Cluster 3
1067,Male,45,73892.0,45,Doctor,1,4,Cluster 3
1069,Female,84,152475.0,12,Artist,0,7,Cluster 2
1070,Male,45,152226.0,87,Artist,4,4,Cluster 2
1071,Male,85,117679.0,18,Entertainment,1,3,Cluster 1
1072,Male,23,146473.0,87,Artist,1,4,Cluster 2
1073,Male,79,66051.0,75,Healthcare,1,7,Cluster 3
1074,Male,47,162332.0,72,Entertainment,1,5,Cluster 2
1075,Female,93,166018.0,71,Doctor,0,3,Cluster 2
1076,Female,95,67398.0,81,Entertainment,2,5,Cluster 3
1077,Male,44,73760.0,70,Entertainment,1,6,Cluster 3
1078,Male,95,167578.0,66,Entertainment,0,1,Cluster 2
1079,Male,28,130267.0,45,Engineer,8,4,Cluster 1
1080,Male,91,94846.0,95,Engineer,0,5,Cluster 1
1081,Female,81,155396.0,1,Engineer,9,5,Cluster 2
1082,Female,90,138013.0,16,Artist,8,7,Cluster 2
1083,Male,79,148286.0,77,Entertainment,0,4,Cluster 2
1085,Female,38,52884.0,24,Lawyer,1,1,Cluster 3
1086,Male,87,153230.0,15,Healthcare,8,1,Cluster 2
1087,Female,93,63261.0,13,Engineer,1,7,Cluster 3
1088,Male,44,90167.0,84,Engineer,0,3,Cluster 1
1090,Female,84,53622.0,27,Artist,0,3,Cluster 3
1092,Female,41,94316.0,86,Artist,0,6,Cluster 1
1094,Female,33,67874.0,55,Artist,0,2,Cluster 3
1095,Female,34,176554.0,62,Healthcare,1,2,Cluster 2
1096,Female,53,135341.0,56,Healthcare,10,2,Cluster 2
1097,Female,47,129019.0,57,Healthcare,0,3,Cluster 1
1098,Male,53,107879.0,3,Doctor,1,6,Cluster 1
1099,Male,92,79531.0,4,Artist,1,1,Cluster 3
1100,Male,89,63379.0,59,Artist,12,7,Cluster 3
1101,Female,27,156258.0,54,Entertainment,0,4,Cluster 2
1102,Male,70,67874.0,41,Entertainment,9,3,Cluster 3
1103,Female,86,159964.0,57,Engineer,5,6,Cluster 2
1104,Female,99,103706.0,50,Entertainment,1,2,Cluster 1
1105,Female,96,64713.0,84,Entertainment,2,7,Cluster 3
1106,Female,65,90414.0,55,Artist,1,5,Cluster 1
1107,Female,82,171100.0,34,Executive,0,5,Cluster 2
1108,Male,36,187305.0,85,Engineer,6,7,Cluster 2
1109,Female,30,139758.0,46,Lawyer,0,6,Cluster 2
1110,Female,96,91226.0,56,Healthcare,0,5,Cluster 1
1111,Female,69,143928.0,30,Engineer,9,7,Cluster 2
1112,Female,34,92366.0,14,Healthcare,0,6,Cluster 1
1113,Male,74,175041.0,25,Artist,4,1,Cluster 2
1114,Male,97,147301.0,93,Lawyer,1,5,Cluster 2
1115,Male,56,119296.0,49,Engineer,0,7,Cluster 1
1116,Female,30,126306.0,44,Artist,0,1,Cluster 1
1118,Female,95,168663.0,16,Engineer,11,5,Cluster 2
1120,Female,78,175179.0,43,Executive,9,4,Cluster 2
1121,Female,54,165019.0,12,Entertainment,1,2,Cluster 2
1122,Female,85,68212.0,26,Healthcare,7,4,Cluster 3
1124,Female,85,92591.0,99,Artist,8,2,Cluster 1
1125,Female,41,69730.0,97,Artist,1,4,Cluster 3
1126,Female,25,156793.0,57,Marketing,2,4,Cluster 2
1127,Female,74,56848.0,41,Artist,5,1,Cluster 3
1129,Male,62,150619.0,32,Artist,10,6,Cluster 2
1130,Male,52,100261.0,10,Artist,1,6,Cluster 1
1131,Female,36,109895.0,56,Healthcare,5,2,Cluster 1
1133,Female,84,133765.0,83,Artist,1,3,Cluster 2
1134,Female,99,57677.0,99,Lawyer,0,5,Cluster 3
1135,Female,51,112358.0,27,Artist,0,6,Cluster 1
1136,Female,57,73845.0,52,Artist,1,7,Cluster 3
1137,Male,92,89531.0,42,Healthcare,6,2,Cluster 1
1138,Male,29,118092.0,100,Entertainment,7,3,Cluster 1
1139,Male,62,144242.0,49,Entertainment,1,4,Cluster 2
1140,Female,43,140876.0,90,Entertainment,0,4,Cluster 2
1141,Male,72,76888.0,26,Marketing,0,1,Cluster 3
1142,Female,28,116644.0,88,Artist,6,3,Cluster 1
1143,Female,57,143021.0,3,Executive,5,4,Cluster 2
1144,Female,86,145679.0,91,Lawyer,9,6,Cluster 2
1145,Female,26,64398.0,7,Lawyer,1,6,Cluster 3
1148,Female,89,122707.0,64,Homemaker,2,3,Cluster 1
1149,Female,91,51733.0,96,Healthcare,0,5,Cluster 3
1150,Female,67,138087.0,63,Marketing,1,7,Cluster 2
1151,Male,63,147278.0,51,Lawyer,0,4,Cluster 2
1152,Female,90,187339.0,62,Healthcare,0,6,Cluster 2
1153,Female,87,129972.0,97,Executive,1,6,Cluster 1
1154,Female,89,151176.0,55,Healthcare,1,2,Cluster 2
1155,Female,34,74358.0,60,Artist,0,6,Cluster 3
1156,Male,89,83953.0,82,Healthcare,0,3,Cluster 1
1157,Male,31,62925.0,24,Engineer,1,6,Cluster 3
1158,Male,55,65257.0,93,Doctor,2,3,Cluster 3
1160,Male,64,163783.0,84,Healthcare,3,1,Cluster 2
1162,Female,20,155951.0,21,Healthcare,7,4,Cluster 2
1163,Female,18,183071.0,29,Artist,7,4,Cluster 2
1164,Female,83,124104.0,20,Healthcare,4,6,Cluster 1
1165,Female,21,136747.0,3,Healthcare,1,1,Cluster 2
1166,Male,19,189498.0,18,Artist,4,1,Cluster 2
1167,Female,74,76149.0,48,Artist,9,6,Cluster 3
1168,Female,44,185550.0,54,Artist,0,1,Cluster 2
1169,Female,52,119567.0,19,Artist,5,2,Cluster 1
1172,Female,80,90142.0,50,Lawyer,1,2,Cluster 1
1173,Female,82,184481.0,84,Executive,0,2,Cluster 2
1174,Female,32,66089.0,75,Artist,6,3,Cluster 3
1176,Male,61,52543.0,23,Executive,0,6,Cluster 3
1177,Male,57,50429.0,23,Artist,0,1,Cluster 3
1178,Male,95,178228.0,45,Engineer,1,2,Cluster 2
1179,Female,38,161130.0,98,Artist,8,3,Cluster 2
1180,Male,70,87976.0,38,Lawyer,1,6,Cluster 1
1181,Female,40,179150.0,91,Artist,5,2,Cluster 2
1182,Female,92,163442.0,32,Executive,1,6,Cluster 2
1183,Female,73,108159.0,18,Entertainment,8,7,Cluster 1
1184,Female,62,73419.0,14,Healthcare,0,1,Cluster 3
1186,Male,65,54431.0,93,Healthcare,1,7,Cluster 3
1187,Female,88,168437.0,81,Artist,2,2,Cluster 2
1188,Female,55,71322.0,54,Entertainment,1,6,Cluster 3
1190,Female,20,141428.0,32,Entertainment,1,5,Cluster 2
1191,Male,97,142214.0,32,Artist,7,4,Cluster 2
1192,Female,93,62590.0,43,Artist,9,6,Cluster 3
1193,Male,84,172523.0,83,Artist,6,2,Cluster 2
1196,Female,59,119833.0,38,Doctor,1,2,Cluster 1
1197,Female,54,70803.0,35,Entertainment,0,5,Cluster 3
1198,Male,82,139008.0,47,Artist,1,4,Cluster 2
1199,Male,83,126669.0,53,Artist,1,6,Cluster 1
1200,Male,87,122722.0,10,Executive,9,4,Cluster 1
1202,Male,89,100155.0,5,Healthcare,6,1,Cluster 1
1203,Female,32,110846.0,49,Artist,0,2,Cluster 1
1205,Female,54,117181.0,66,Doctor,12,5,Cluster 1
1206,Female,56,86898.0,76,Healthcare,0,6,Cluster 1
1207,Female,31,143241.0,81,Executive,4,7,Cluster 2
1208,Female,26,146028.0,33,Healthcare,0,5,Cluster 2
1210,Female,60,132486.0,9,Artist,1,2,Cluster 1
1211,Male,92,96424.0,74,Artist,8,5,Cluster 1
1212,Female,93,151468.0,41,Artist,1,5,Cluster 2
1214,Female,81,125316.0,81,Lawyer,0,6,Cluster 1
1215,Male,21,109373.0,22,Entertainment,4,2,Cluster 1
1216,Male,96,135042.0,12,Artist,0,7,Cluster 2
1217,Female,78,59784.0,81,Artist,3,3,Cluster 3
1218,Male,86,140687.0,63,Artist,1,2,Cluster 2
1220,Female,62,175534.0,44,Artist,1,6,Cluster 2
1221,Male,68,170957.0,6,Lawyer,1,3,Cluster 2
1222,Male,70,81197.0,76,Artist,0,4,Cluster 1
1223,Female,21,104888.0,8,Healthcare,0,4,Cluster 1
1225,Female,62,139588.0,66,Executive,0,2,Cluster 2
1226,Male,22,126543.0,45,Homemaker,0,3,Cluster 1
1227,Female,87,177260.0,45,Entertainment,14,2,Cluster 2
1228,Male,44,156823.0,42,Healthcare,9,5,Cluster 2
1229,Female,27,183201.0,52,Engineer,8,6,Cluster 2
1230,Female,95,84925.0,46,Artist,4,6,Cluster 1
1231,Male,89,69719.0,47,Artist,9,2,Cluster 3
1232,Female,41,61355.0,13,Healthcare,1,3,Cluster 3
1233,Male,41,156014.0,49,Doctor,14,5,Cluster 2
1234,Male,21,184088.0,21,Entertainment,11,7,Cluster 2
1235,Female,59,158372.0,98,Artist,1,1,Cluster 2
1236,Female,64,135742.0,67,Healthcare,1,7,Cluster 2
1237,Female,38,145704.0,82,Marketing,0,4,Cluster 2
1238,Female,70,157307.0,23,Executive,4,3,Cluster 2
1239,Female,25,88064.0,73,Executive,1,5,Cluster 1
1241,Female,70,153821.0,8,Marketing,1,4,Cluster 2
1242,Male,29,170669.0,78,Doctor,9,5,Cluster 2
1243,Male,88,93555.0,13,Artist,3,3,Cluster 1
1244,Female,20,101941.0,18,Healthcare,1,3,Cluster 1
1245,Female,58,78795.0,44,Engineer,0,6,Cluster 3
1246,Female,70,55875.0,94,Engineer,0,5,Cluster 3
1247,Female,44,177513.0,81,Lawyer,1,5,Cluster 2
1248,Female,87,100850.0,83,Doctor,0,3,Cluster 1
1249,Female,51,143082.0,63,Entertainment,0,7,Cluster 2
1250,Female,96,85447.0,4,Artist,9,6,Cluster 1
1251,Female,75,114213.0,33,Doctor,9,4,Cluster 1
1254,Male,58,105302.0,75,Doctor,0,3,Cluster 1
1256,Male,70,56432.0,23,Engineer,0,5,Cluster 3
1257,Female,49,136467.0,72,Healthcare,3,3,Cluster 2
1258,Male,60,189945.0,20,Engineer,0,5,Cluster 2
1259,Female,25,163966.0,48,Lawyer,1,5,Cluster 2
1260,Male,47,52152.0,17,Artist,0,3,Cluster 3
1261,Male,53,145720.0,62,Homemaker,12,7,Cluster 2
1262,Male,24,188034.0,61,Healthcare,1,5,Cluster 2
1263,Female,46,127911.0,3,Homemaker,9,2,Cluster 1
1264,Female,70,174114.0,31,Lawyer,1,1,Cluster 2
1265,Male,53,144489.0,10,Artist,14,3,Cluster 2
1266,Male,63,77440.0,47,Lawyer,0,5,Cluster 3
1267,Female,24,86119.0,44,Artist,1,6,Cluster 1
1270,Female,71,74696.0,41,Doctor,1,6,Cluster 3
1271,Male,23,65641.0,50,Entertainment,4,5,Cluster 3
1272,Female,51,61228.0,81,Entertainment,1,6,Cluster 3
1274,Female,72,152405.0,4,Artist,1,4,Cluster 2
1275,Male,18,157757.0,84,Doctor,0,4,Cluster 2
1277,Female,95,67227.0,30,Artist,1,7,Cluster 3
1278,Male,20,161156.0,88,Engineer,0,4,Cluster 2
1279,Female,58,170647.0,70,Healthcare,1,7,Cluster 2
1280,Female,67,161646.0,36,Healthcare,0,2,Cluster 2
1281,Male,43,98016.0,18,Healthcare,9,6,Cluster 1
1282,Male,36,50526.0,19,Artist,0,6,Cluster 3
1284,Female,35,97721.0,48,Engineer,0,7,Cluster 1
1285,Female,81,142013.0,81,Entertainment,3,4,Cluster 2
1286,Male,84,166737.0,76,Artist,0,3,Cluster 2
1287,Female,18,62651.0,13,Entertainment,0,2,Cluster 3
1288,Female,54,179546.0,4,Homemaker,8,4,Cluster 2
1289,Female,98,51866.0,81,Artist,12,7,Cluster 3
1290,Female,75,86297.0,42,Executive,9,4,Cluster 1
1291,Female,98,65031.0,23,Artist,0,4,Cluster 3
1292,Male,94,69383.0,25,Entertainment,0,2,Cluster 3
1293,Male,24,70733.0,63,Artist,5,3,Cluster 3
1294,Female,47,187898.0,89,Artist,6,2,Cluster 2
1295,Female,40,116001.0,55,Engineer,1,4,Cluster 1
1296,Male,68,87040.0,4,Artist,9,1,Cluster 1
1297,Female,18,180956.0,74,Artist,2,2,Cluster 2
1298,Female,83,115517.0,82,Healthcare,0,6,Cluster 1
1299,Male,34,76979.0,46,Lawyer,1,3,Cluster 3
1300,Male,81,50798.0,56,Artist,10,5,Cluster 3
1301,Female,61,146350.0,43,Artist,1,3,Cluster 2
1302,Female,77,81112.0,61,Healthcare,5,3,Cluster 1
1303,Male,52,80605.0,20,Doctor,1,6,Cluster 1
1304,Male,40,171949.0,11,Doctor,1,6,Cluster 2
1305,Male,93,159006.0,26,Artist,8,6,Cluster 2
1306,Female,45,177368.0,96,Healthcare,1,2,Cluster 2
1307,Female,83,187643.0,3,Artist,1,1,Cluster 2
1308,Male,23,93841.0,25,Lawyer,0,7,Cluster 1
1310,Male,79,146130.0,20,Entertainment,6,6,Cluster 2
1311,Male,80,84471.0,79,Doctor,1,5,Cluster 1
1312,Female,35,144485.0,15,Entertainment,0,4,Cluster 2
1313,Female,39,158638.0,78,Healthcare,2,5,Cluster 2
1315,Female,83,129507.0,93,Healthcare,4,7,Cluster 1
1316,Female,94,114510.0,39,Healthcare,0,4,Cluster 1
1319,Female,77,66256.0,13,Lawyer,1,2,Cluster 3
1320,Female,48,118285.0,69,Doctor,8,4,Cluster 1
1321,Male,97,128723.0,58,Artist,4,5,Cluster 1
1322,Female,28,178285.0,91,Artist,4,7,Cluster 2
1323,Female,99,144176.0,74,Marketing,7,2,Cluster 2
1324,Male,27,82474.0,31,Artist,9,3,Cluster 1
1325,Female,95,159010.0,84,Lawyer,6,2,Cluster 2
1327,Male,18,77873.0,49,Executive,6,5,Cluster 3
1328,Male,42,53392.0,89,Artist,6,4,Cluster 3
1329,Male,50,168898.0,41,Artist,9,7,Cluster 2
1330,Male,86,128917.0,7,Homemaker,5,5,Cluster 1
1331,Male,69,185067.0,49,Lawyer,5,4,Cluster 2
1332,Male,23,132183.0,76,Artist,10,3,Cluster 1
1333,Female,82,82060.0,46,Healthcare,7,1,Cluster 1
1334,Female,97,133614.0,58,Artist,7,4,Cluster 1
1336,Female,75,76474.0,5,Doctor,5,5,Cluster 3
1340,Female,45,125677.0,36,Entertainment,5,2,Cluster 1
1341,Female,23,127971.0,56,Artist,1,5,Cluster 1
1342,Male,38,76103.0,62,Executive,9,3,Cluster 3
1343,Female,45,114741.0,96,Artist,0,5,Cluster 1
1344,Female,82,157994.0,92,Artist,1,1,Cluster 2
1345,Male,73,93786.0,44,Entertainment,3,1,Cluster 1
1346,Male,36,75178.0,41,Entertainment,1,7,Cluster 3
1348,Female,96,99263.0,100,Healthcare,8,1,Cluster 1
1349,Female,83,52590.0,3,Healthcare,0,4,Cluster 3
1350,Male,33,170959.0,75,Artist,0,4,Cluster 2
1351,Male,68,135076.0,60,Engineer,1,5,Cluster 2
1352,Male,88,167112.0,34,Lawyer,0,1,Cluster 2
1353,Female,87,184639.0,12,Doctor,1,6,Cluster 2
1354,Female,88,172369.0,80,Artist,6,6,Cluster 2
1355,Female,43,124256.0,67,Marketing,1,7,Cluster 1
1356,Female,64,89972.0,92,Artist,10,6,Cluster 1
1357,Male,96,67799.0,42,Entertainment,1,6,Cluster 3
1358,Female,72,176074.0,70,Doctor,1,7,Cluster 2
1359,Male,48,167517.0,27,Artist,2,7,Cluster 2
1360,Female,64,77914.0,11,Artist,1,6,Cluster 3
1362,Female,52,86365.0,70,Engineer,1,7,Cluster 1
1364,Female,44,131091.0,62,Artist,4,1,Cluster 1
1366,Female,50,117076.0,45,Doctor,1,2,Cluster 1
1367,Male,53,150925.0,1,Healthcare,1,2,Cluster 2
1368,Female,31,149379.0,100,Lawyer,0,3,Cluster 2
1369,Female,31,138644.0,94,Engineer,4,3,Cluster 2
1370,Male,97,148493.0,42,Doctor,4,7,Cluster 2
1371,Male,27,84658.0,66,Lawyer,4,6,Cluster 1
1373,Male,81,108759.0,60,Artist,7,6,Cluster 1
1374,Male,64,186203.0,73,Artist,10,5,Cluster 2
1376,Female,78,132983.0,67,Healthcare,7,7,Cluster 1
1377,Male,72,149092.0,39,Engineer,8,1,Cluster 2
1378,Male,36,163845.0,84,Doctor,5,7,Cluster 2
1379,Male,97,117777.0,67,Artist,5,5,Cluster 1
1380,Male,88,131584.0,18,Artist,7,3,Cluster 1
1381,Female,21,123904.0,91,Artist,7,5,Cluster 1
1382,Female,62,89801.0,88,Artist,5,4,Cluster 1
1383,Male,73,173466.0,57,Entertainment,10,5,Cluster 2
1384,Female,34,55690.0,4,Marketing,4,6,Cluster 3
1386,Male,39,100419.0,19,Artist,5,4,Cluster 1
1387,Female,82,62951.0,47,Lawyer,8,2,Cluster 3
1388,Male,39,118554.0,1,Lawyer,4,6,Cluster 1
1390,Female,68,75561.0,87,Healthcare,5,3,Cluster 3
1391,Female,77,147306.0,50,Healthcare,6,6,Cluster 2
1392,Female,35,111871.0,30,Doctor,10,1,Cluster 1
1394,Female,47,121267.0,58,Engineer,1,1,Cluster 1
1395,Female,48,151519.0,93,Artist,7,2,Cluster 2
1396,Female,34,105448.0,40,Artist,0,5,Cluster 1
1397,Female,20,92048.0,91,Healthcare,1,1,Cluster 1
1398,Male,61,99980.0,94,Healthcare,10,1,Cluster 1
1401,Female,52,82478.0,95,Executive,10,1,Cluster 1
1402,Male,99,139685.0,20,Healthcare,1,4,Cluster 2
1403,Female,84,182374.0,62,Entertainment,0,6,Cluster 2
1404,Female,58,119366.0,94,Engineer,4,2,Cluster 1
1405,Female,91,53788.0,57,Doctor,0,2,Cluster 3
1407,Female,67,118348.0,94,Engineer,1,7,Cluster 1
1408,Male,56,137428.0,87,Artist,0,2,Cluster 2
1409,Female,62,106982.0,53,Entertainment,1,7,Cluster 1
1411,Female,38,120825.0,24,Executive,9,7,Cluster 1
1412,Female,51,58006.0,83,Executive,1,5,Cluster 3
1413,Male,20,106941.0,73,Artist,1,1,Cluster 1
1414,Male,43,129782.0,31,Entertainment,1,2,Cluster 1
1415,Male,93,121513.0,90,Engineer,0,6,Cluster 1
1416,Female,54,79925.0,30,Healthcare,0,3,Cluster 3
1417,Male,23,112089.0,74,Healthcare,7,7,Cluster 1
1419,Female,64,146794.0,90,Healthcare,8,3,Cluster 2
1420,Female,55,75033.0,30,Engineer,5,5,Cluster 3
1421,Female,85,149969.0,78,Executive,0,6,Cluster 2
1422,Female,20,124852.0,39,Healthcare,5,5,Cluster 1
1423,Male,73,154837.0,42,Executive,8,4,Cluster 2
1424,Female,53,145678.0,55,Executive,0,1,Cluster 2
1426,Female,50,136660.0,48,Entertainment,1,3,Cluster 2
1428,Male,37,62893.0,29,Executive,1,5,Cluster 3
1429,Male,78,163514.0,89,Doctor,9,2,Cluster 2
1430,Male,29,145934.0,40,Marketing,10,2,Cluster 2
1431,Female,54,119223.0,58,Lawyer,10,7,Cluster 1
1432,Male,89,127479.0,18,Doctor,10,2,Cluster 1
1433,Female,25,136146.0,98,Artist,6,6,Cluster 2
1436,Female,18,82812.0,1,Artist,6,2,Cluster 1
1437,Male,74,51260.0,43,Entertainment,5,5,Cluster 3
1438,Male,21,159572.0,42,Healthcare,5,5,Cluster 2
1440,Female,49,176954.0,57,Artist,5,6,Cluster 2
1441,Male,58,85908.0,99,Artist,5,4,Cluster 1
1443,Female,55,123045.0,56,Engineer,7,3,Cluster 1
1444,Female,31,161211.0,10,Lawyer,9,1,Cluster 2
1445,Female,59,81702.0,27,Marketing,6,4,Cluster 1
1446,Female,25,173043.0,3,Artist,8,6,Cluster 2
1447,Male,63,126380.0,90,Artist,6,1,Cluster 1
1448,Female,60,128205.0,27,Healthcare,6,5,Cluster 1
1449,Female,41,181355.0,73,Artist,10,3,Cluster 2
1450,Female,84,97931.0,70,Healthcare,9,7,Cluster 1
1451,Male,72,146432.0,25,Artist,6,1,Cluster 2
1452,Female,97,125731.0,41,Artist,6,4,Cluster 1
1453,Female,43,132701.0,70,Healthcare,5,2,Cluster 1
1454,Female,63,116095.0,8,Artist,5,1,Cluster 1
1456,Male,54,136417.0,45,Healthcare,9,6,Cluster 2
1457,Male,27,80783.0,82,Artist,9,3,Cluster 1
1458,Male,28,182580.0,60,Executive,6,6,Cluster 2
1459,Female,84,143567.0,48,Artist,7,2,Cluster 2
1460,Male,71,85908.0,85,Entertainment,5,4,Cluster 1
1461,Female,88,139806.0,99,Entertainment,4,4,Cluster 2
1462,Female,75,77269.0,24,Artist,8,1,Cluster 3
1463,Female,96,105968.0,65,Engineer,4,5,Cluster 1
1464,Female,83,125660.0,19,Engineer,10,4,Cluster 1
1465,Female,86,98444.0,76,Entertainment,7,4,Cluster 1
1466,Male,60,179503.0,9,Artist,4,3,Cluster 2
1468,Female,65,75685.0,19,Marketing,7,3,Cluster 3
1469,Female,49,85374.0,45,Artist,8,5,Cluster 1
1470,Female,78,128642.0,19,Marketing,5,6,Cluster 1
1471,Male,25,182292.0,78,Artist,7,5,Cluster 2
1473,Female,58,127833.0,2,Artist,7,7,Cluster 1
1474,Female,80,178866.0,97,Artist,8,4,Cluster 2
1475,Female,94,183643.0,51,Artist,5,5,Cluster 2
1476,Male,62,113306.0,4,Executive,5,6,Cluster 1
1477,Male,20,84008.0,77,Artist,8,4,Cluster 1
1478,Male,85,85758.0,35,Lawyer,10,4,Cluster 1
1479,Female,72,63128.0,45,Engineer,8,7,Cluster 3
1480,Male,95,70174.0,6,Executive,10,6,Cluster 3
1481,Female,97,170133.0,42,Engineer,5,5,Cluster 2
1482,Female,25,165978.0,42,Artist,7,3,Cluster 2
1485,Female,59,113389.0,79,Doctor,4,6,Cluster 1
1486,Male,30,111690.0,73,Entertainment,10,4,Cluster 1
1487,Female,63,184830.0,60,Doctor,9,3,Cluster 2
1488,Female,23,91549.0,23,Artist,4,3,Cluster 1
1489,Female,97,94629.0,17,Marketing,6,3,Cluster 1
1490,Female,97,167558.0,99,Artist,4,7,Cluster 2
1491,Male,94,119189.0,57,Artist,9,3,Cluster 1
1492,Female,28,96207.0,67,Artist,5,5,Cluster 1
1493,Male,21,85339.0,6,Doctor,4,7,Cluster 1
1494,Female,25,111942.0,7,Artist,5,5,Cluster 1
1495,Female,48,157003.0,45,Engineer,5,4,Cluster 2
1496,Female,53,117123.0,23,Artist,9,7,Cluster 1
1497,Female,97,172747.0,76,Artist,7,2,Cluster 2
1498,Male,33,157358.0,52,Healthcare,7,4,Cluster 2
1500,Male,72,166043.0,93,Doctor,7,6,Cluster 2
1501,Male,40,67768.0,15,Doctor,10,6,Cluster 3
1502,Male,34,171353.0,34,Doctor,8,4,Cluster 2
1503,Female,63,116971.0,76,Executive,7,5,Cluster 1
1504,Female,85,97822.0,38,Doctor,5,3,Cluster 1
1505,Female,86,117203.0,83,Healthcare,10,3,Cluster 1
1506,Female,63,88720.0,100,Artist,10,1,Cluster 1
1508,Female,76,139447.0,36,Artist,8,7,Cluster 2
1509,Male,19,179269.0,93,Entertainment,6,3,Cluster 2
1510,Female,84,136254.0,90,Engineer,5,6,Cluster 2
1511,Male,38,174594.0,56,Executive,8,2,Cluster 2
1513,Female,30,73107.0,48,Artist,9,1,Cluster 3
1514,Female,86,98344.0,25,Artist,6,6,Cluster 1
1515,Male,21,163509.0,21,Healthcare,10,1,Cluster 2
1517,Female,87,95853.0,53,Healthcare,9,1,Cluster 1
1518,Male,40,156411.0,70,Artist,6,5,Cluster 2
1520,Female,63,106691.0,79,Healthcare,9,3,Cluster 1
1521,Male,26,144832.0,42,Artist,5,3,Cluster 2
1522,Male,29,132297.0,53,Entertainment,8,1,Cluster 1
1524,Male,28,157383.0,13,Lawyer,8,2,Cluster 2
1525,Female,99,150782.0,18,Executive,8,2,Cluster 2
1526,Male,69,143987.0,87,Healthcare,10,5,Cluster 2
1528,Male,73,104826.0,36,Healthcare,5,1,Cluster 1
1530,Female,42,152547.0,56,Artist,7,4,Cluster 2
1531,Male,43,85347.0,9,Doctor,1,1,Cluster 1
1532,Female,79,122828.0,32,Executive,0,5,Cluster 1
1533,Male,18,107794.0,17,Engineer,0,5,Cluster 1
1534,Male,39,152566.0,11,Entertainment,1,7,Cluster 2
1535,Female,41,91715.0,99,Entertainment,0,3,Cluster 1
1536,Female,60,99222.0,48,Artist,1,6,Cluster 1
1537,Female,39,70280.0,99,Engineer,0,4,Cluster 3
1538,Female,90,70030.0,86,Healthcare,1,2,Cluster 3
1539,Female,83,102083.0,24,Artist,1,1,Cluster 1
1540,Female,92,166163.0,87,Engineer,8,5,Cluster 2
1542,Male,50,187545.0,61,Executive,4,6,Cluster 2
1543,Male,90,182910.0,86,Entertainment,0,1,Cluster 2
1545,Female,27,115438.0,37,Artist,0,6,Cluster 1
1546,Female,93,93964.0,80,Artist,4,2,Cluster 1
1547,Female,61,180341.0,75,Healthcare,1,3,Cluster 2
1548,Female,91,107323.0,1,Engineer,7,7,Cluster 1
1549,Female,79,119435.0,55,Entertainment,0,7,Cluster 1
1550,Female,80,68341.0,22,Artist,13,6,Cluster 3
1553,Female,34,100621.0,3,Healthcare,1,1,Cluster 1
1556,Male,96,172039.0,51,Lawyer,0,6,Cluster 2
1557,Female,48,70844.0,22,Entertainment,0,3,Cluster 3
1558,Male,25,100964.0,96,Marketing,1,6,Cluster 1
1559,Female,98,128037.0,39,Entertainment,6,2,Cluster 1
1560,Male,84,97081.0,75,Marketing,1,3,Cluster 1
1561,Male,88,92247.0,47,Marketing,0,6,Cluster 1
1562,Male,86,129914.0,92,Artist,1,3,Cluster 1
1563,Female,55,94014.0,53,Engineer,9,5,Cluster 1
1564,Female,56,138864.0,93,Artist,0,5,Cluster 2
1567,Female,73,68161.0,23,Doctor,1,2,Cluster 3
1568,Female,38,181108.0,32,Homemaker,1,1,Cluster 2
1569,Male,37,87764.0,59,Engineer,9,7,Cluster 1
1570,Female,41,102543.0,54,Artist,7,3,Cluster 1
1571,Male,94,139417.0,13,Artist,1,3,Cluster 2
1572,Female,57,81802.0,29,Homemaker,9,1,Cluster 1
1573,Female,96,102788.0,51,Artist,0,1,Cluster 1
1574,Female,59,163179.0,19,Healthcare,1,7,Cluster 2
1575,Male,87,71318.0,22,Healthcare,1,3,Cluster 3
1576,Male,55,63683.0,34,Healthcare,3,1,Cluster 3
1578,Male,82,121610.0,36,Artist,0,5,Cluster 1
1579,Female,83,150682.0,25,Artist,1,1,Cluster 2
1580,Female,96,124550.0,46,Marketing,0,3,Cluster 1
1581,Male,55,148875.0,99,Artist,0,4,Cluster 2
1583,Male,33,109223.0,43,Engineer,1,5,Cluster 1
1584,Female,46,120899.0,7,Marketing,2,6,Cluster 1
1585,Female,27,101948.0,31,Artist,0,5,Cluster 1
1586,Male,72,143169.0,58,Engineer,0,4,Cluster 2
1588,Female,19,181795.0,59,Healthcare,3,5,Cluster 2
1589,Female,48,186445.0,41,Engineer,0,1,Cluster 2
1590,Female,58,102205.0,24,Artist,1,1,Cluster 1
1591,Female,21,52326.0,69,Healthcare,0,2,Cluster 3
1592,Male,91,82992.0,5,Entertainment,1,5,Cluster 1
1593,Male,44,145520.0,55,Homemaker,1,7,Cluster 2
1594,Female,80,104820.0,96,Artist,2,4,Cluster 1
1595,Female,28,69025.0,79,Entertainment,0,2,Cluster 3
1596,Male,74,164976.0,89,Entertainment,0,4,Cluster 2
1597,Female,79,178576.0,51,Executive,5,5,Cluster 2
1598,Female,42,72415.0,52,Marketing,0,5,Cluster 3
1599,Male,80,112146.0,24,Entertainment,0,3,Cluster 1
1601,Female,24,51661.0,79,Entertainment,0,7,Cluster 3
1602,Female,71,152910.0,90,Artist,1,6,Cluster 2
1604,Male,48,143455.0,62,Healthcare,1,6,Cluster 2
1605,Male,30,173096.0,92,Healthcare,0,3,Cluster 2
1606,Female,52,121172.0,97,Healthcare,5,4,Cluster 1
1607,Female,34,56492.0,15,Homemaker,8,1,Cluster 3
1608,Male,64,156422.0,39,Entertainment,1,7,Cluster 2
1610,Male,71,118096.0,36,Lawyer,0,3,Cluster 1
1611,Male,87,149685.0,30,Executive,9,6,Cluster 2
1612,Female,68,89765.0,28,Artist,0,7,Cluster 1
1614,Male,24,64738.0,67,Artist,0,6,Cluster 3
1616,Female,53,146877.0,47,Healthcare,4,3,Cluster 2
1617,Female,39,62935.0,60,Artist,0,7,Cluster 3
1619,Female,64,115754.0,35,Engineer,1,3,Cluster 1
1620,Female,41,186470.0,21,Artist,0,7,Cluster 2
1622,Female,94,86172.0,55,Artist,4,4,Cluster 1
1623,Female,40,184222.0,17,Healthcare,0,2,Cluster 2
1624,Male,81,71543.0,1,Entertainment,1,4,Cluster 3
1625,Female,18,174836.0,63,Healthcare,0,4,Cluster 2
1628,Male,64,130055.0,46,Healthcare,2,1,Cluster 1
1629,Male,45,88707.0,81,Healthcare,0,5,Cluster 1
1630,Male,99,162762.0,52,Healthcare,1,1,Cluster 2
1631,Male,59,154821.0,77,Doctor,0,2,Cluster 2
1632,Male,53,57248.0,66,Lawyer,5,5,Cluster 3
1633,Female,66,99902.0,54,Engineer,10,2,Cluster 1
1636,Female,34,93866.0,43,Entertainment,9,2,Cluster 1
1638,Male,73,172011.0,9,Doctor,1,5,Cluster 2
1639,Male,90,68138.0,18,Healthcare,2,7,Cluster 3
1640,Female,32,123246.0,100,Homemaker,8,6,Cluster 1
1641,Female,47,124194.0,32,Doctor,1,7,Cluster 1
1643,Female,78,91213.0,84,Lawyer,3,5,Cluster 1
1644,Female,83,166650.0,99,Healthcare,1,3,Cluster 2
1646,Male,75,126469.0,86,Entertainment,1,2,Cluster 1
1647,Male,45,138775.0,17,Executive,0,7,Cluster 2
1648,Female,49,68901.0,70,Doctor,7,7,Cluster 3
1649,Female,41,118621.0,7,Homemaker,0,7,Cluster 1
1650,Male,34,109263.0,77,Entertainment,0,1,Cluster 1
1651,Male,82,150012.0,83,Healthcare,3,6,Cluster 2
1652,Male,37,133850.0,85,Marketing,9,3,Cluster 2
1653,Female,25,81640.0,95,Entertainment,1,6,Cluster 1
1654,Female,52,133214.0,1,Marketing,9,7,Cluster 1
1655,Female,23,186723.0,42,Entertainment,8,5,Cluster 2
1656,Female,96,92100.0,23,Artist,9,3,Cluster 1
1658,Female,47,69024.0,3,Healthcare,4,5,Cluster 3
1659,Male,81,171194.0,55,Artist,0,5,Cluster 2
1662,Female,35,164435.0,26,Lawyer,1,3,Cluster 2
1663,Male,67,172407.0,60,Doctor,9,3,Cluster 2
1665,Male,82,186130.0,61,Lawyer,3,7,Cluster 2
1667,Male,95,137206.0,4,Artist,0,4,Cluster 2
1669,Female,99,174275.0,4,Healthcare,0,2,Cluster 2
1670,Male,96,97705.0,41,Homemaker,8,2,Cluster 1
1671,Male,92,188984.0,69,Lawyer,1,4,Cluster 2
1672,Male,24,119238.0,55,Artist,1,3,Cluster 1
1673,Male,58,87923.0,19,Entertainment,0,5,Cluster 1
1676,Female,51,135164.0,75,Artist,9,3,Cluster 2
1678,Male,47,126060.0,92,Doctor,1,3,Cluster 1
1679,Male,67,89366.0,55,Healthcare,9,3,Cluster 1
1680,Male,58,95172.0,77,Healthcare,1,5,Cluster 1
1681,Female,55,95975.0,49,Executive,0,1,Cluster 1
1682,Female,52,165573.0,59,Healthcare,0,7,Cluster 2
1683,Male,83,180887.0,59,Entertainment,1,1,Cluster 2
1684,Female,83,142720.0,86,Executive,0,1,Cluster 2
1685,Female,90,113460.0,54,Lawyer,1,7,Cluster 1
1686,Male,87,110434.0,20,Artist,7,3,Cluster 1
1687,Female,67,146016.0,38,Artist,1,6,Cluster 2
1688,Male,81,101073.0,67,Executive,0,7,Cluster 1
1689,Female,36,62617.0,10,Artist,9,3,Cluster 3
1690,Female,51,96028.0,37,Artist,0,5,Cluster 1
1691,Female,31,186334.0,37,Artist,0,1,Cluster 2
1692,Female,57,163473.0,52,Artist,0,1,Cluster 2
1693,Male,83,89819.0,59,Artist,4,2,Cluster 1
1694,Female,51,69388.0,33,Engineer,3,4,Cluster 3
1696,Female,18,149915.0,94,Doctor,14,1,Cluster 2
1697,Female,88,104098.0,48,Healthcare,1,6,Cluster 1
1698,Male,70,80160.0,10,Artist,8,5,Cluster 3
1702,Male,55,103933.0,31,Executive,6,3,Cluster 1
1703,Female,69,85401.0,10,Entertainment,4,6,Cluster 1
1704,Female,18,53812.0,32,Homemaker,9,5,Cluster 3
1706,Female,69,56398.0,75,Entertainment,8,3,Cluster 3
1707,Female,69,171118.0,91,Engineer,9,3,Cluster 2
1708,Male,69,79806.0,73,Healthcare,0,5,Cluster 3
1709,Female,89,150187.0,35,Healthcare,0,5,Cluster 2
1710,Female,45,129455.0,14,Lawyer,0,3,Cluster 1
1711,Female,75,116813.0,72,Entertainment,10,6,Cluster 1
1712,Female,54,95734.0,39,Homemaker,8,7,Cluster 1
1713,Male,33,76654.0,48,Artist,4,1,Cluster 3
1714,Male,67,86289.0,96,Artist,1,5,Cluster 1
1715,Male,26,176147.0,19,Healthcare,0,1,Cluster 2
1717,Male,65,186673.0,51,Doctor,1,1,Cluster 2
1718,Female,94,131521.0,62,Artist,0,6,Cluster 1
1719,Female,95,50223.0,15,Entertainment,8,1,Cluster 3
1720,Female,48,74308.0,23,Entertainment,1,2,Cluster 3
1721,Female,41,155881.0,22,Lawyer,0,7,Cluster 2
1722,Female,92,168303.0,16,Executive,9,4,Cluster 2
1723,Male,44,182748.0,58,Engineer,1,7,Cluster 2
1724,Female,35,52374.0,73,Artist,1,1,Cluster 3
1725,Female,34,86154.0,17,Doctor,1,2,Cluster 1
1726,Female,52,163612.0,51,Executive,0,5,Cluster 2
1727,Female,64,64756.0,17,Marketing,10,1,Cluster 3
1728,Male,62,185257.0,58,Artist,1,4,Cluster 2
1729,Male,58,78669.0,75,Artist,1,7,Cluster 3
1731,Female,65,92135.0,49,Homemaker,6,4,Cluster 1
1732,Male,20,103195.0,68,Doctor,0,7,Cluster 1
1733,Female,21,161663.0,36,Executive,1,7,Cluster 2
1734,Female,79,57039.0,34,Artist,2,6,Cluster 3
1735,Female,91,54754.0,4,Artist,0,2,Cluster 3
1736,Female,92,136531.0,76,Engineer,1,4,Cluster 2
1737,Male,62,120838.0,79,Artist,1,4,Cluster 1
1738,Male,94,127927.0,48,Doctor,0,4,Cluster 1
1740,Female,53,145498.0,66,Artist,8,4,Cluster 2
1742,Female,92,152429.0,76,Entertainment,0,2,Cluster 2
1744,Female,31,147447.0,23,Doctor,6,7,Cluster 2
1745,Female,93,74467.0,33,Lawyer,5,1,Cluster 3
1746,Female,66,127410.0,37,Engineer,8,2,Cluster 1
1747,Male,49,91290.0,44,Healthcare,7,7,Cluster 1
1748,Female,64,92812.0,97,Artist,5,7,Cluster 1
1749,Female,27,170166.0,18,Artist,10,4,Cluster 2
1750,Female,33,150823.0,75,Artist,4,1,Cluster 2
1751,Male,79,95839.0,30,Executive,7,2,Cluster 1
1753,Female,22,153024.0,91,Artist,10,7,Cluster 2
1756,Male,81,141471.0,45,Artist,8,6,Cluster 2
1757,Male,69,76155.0,14,Healthcare,8,7,Cluster 3
1758,Male,47,108169.0,24,Executive,10,3,Cluster 1
1759,Female,61,139520.0,39,Artist,8,4,Cluster 2
1760,Male,62,182631.0,52,Artist,5,3,Cluster 2
1761,Female,95,177134.0,78,Healthcare,10,2,Cluster 2
1762,Female,32,181703.0,54,Lawyer,6,2,Cluster 2
1765,Female,63,176783.0,40,Doctor,9,4,Cluster 2
1766,Male,75,59741.0,67,Artist,10,5,Cluster 3
1767,Female,43,156567.0,89,Engineer,7,6,Cluster 2
1768,Female,29,110309.0,21,Artist,6,2,Cluster 1
1769,Female,82,111077.0,55,Artist,9,7,Cluster 1
1770,Female,87,170333.0,96,Entertainment,4,2,Cluster 2
1771,Male,66,183339.0,39,Artist,7,4,Cluster 2
1772,Female,99,84167.0,46,Artist,10,7,Cluster 1
1773,Female,54,184815.0,50,Lawyer,6,3,Cluster 2
1774,Female,49,122556.0,74,Artist,9,7,Cluster 1
1775,Female,60,174768.0,66,Entertainment,9,2,Cluster 2
1776,Male,75,172309.0,82,Executive,4,1,Cluster 2
1777,Male,77,117920.0,4,Doctor,10,4,Cluster 1
1778,Male,34,134882.0,61,Artist,10,3,Cluster 2
1779,Female,63,77259.0,11,Lawyer,6,6,Cluster 3
1780,Male,38,170019.0,38,Artist,7,2,Cluster 2
1781,Female,68,176884.0,94,Engineer,10,2,Cluster 2
1782,Female,80,106709.0,93,Marketing,10,2,Cluster 1
1784,Female,86,90228.0,68,Engineer,7,5,Cluster 1
1786,Male,56,131911.0,42,Healthcare,7,7,Cluster 1
1792,Female,55,106153.0,62,Artist,10,1,Cluster 1
1794,Female,22,101474.0,14,Homemaker,10,2,Cluster 1
1796,Female,70,57596.0,96,Artist,4,1,Cluster 3
1797,Female,67,78489.0,81,Artist,7,5,Cluster 3
1798,Male,50,112957.0,71,Executive,5,3,Cluster 1
1799,Male,72,82377.0,37,Engineer,9,2,Cluster 1
1800,Male,76,82315.0,53,Engineer,6,1,Cluster 1
1801,Male,80,93253.0,51,Artist,4,5,Cluster 1
1802,Male,20,189650.0,60,Lawyer,8,4,Cluster 2
1803,Female,89,114858.0,53,Artist,10,1,Cluster 1
1804,Female,18,62151.0,18,Artist,8,2,Cluster 3
1805,Female,75,135159.0,12,Engineer,7,6,Cluster 2
1807,Female,79,123064.0,41,Artist,10,4,Cluster 1
1808,Female,31,181773.0,40,Healthcare,8,1,Cluster 2
1809,Male,92,171794.0,65,Artist,6,5,Cluster 2
1811,Male,94,65483.0,84,Marketing,10,7,Cluster 3
1812,Female,35,145654.0,22,Executive,6,3,Cluster 2
1813,Female,68,91609.0,43,Entertainment,8,1,Cluster 1
1814,Female,29,53002.0,73,Lawyer,5,5,Cluster 3
1815,Male,87,115699.0,61,Healthcare,9,1,Cluster 1
1816,Male,33,149609.0,44,Executive,9,2,Cluster 2
1817,Female,29,165254.0,7,Executive,9,7,Cluster 2
1818,Male,43,50418.0,49,Healthcare,5,1,Cluster 3
1819,Male,43,103531.0,90,Artist,10,5,Cluster 1
1820,Female,66,184060.0,98,Artist,10,5,Cluster 2
1821,Male,23,75961.0,70,Executive,5,7,Cluster 3
1822,Male,87,174163.0,28,Artist,4,2,Cluster 2
1823,Female,81,105255.0,54,Executive,8,3,Cluster 1
1824,Male,42,51860.0,4,Lawyer,4,5,Cluster 3
1825,Female,32,185218.0,83,Healthcare,4,6,Cluster 2
1827,Female,91,134665.0,66,Artist,7,2,Cluster 2
1828,Male,95,91352.0,9,Doctor,7,3,Cluster 1
1830,Female,20,113767.0,88,Artist,6,2,Cluster 1
1832,Female,84,99418.0,27,Artist,4,2,Cluster 1
1833,Male,54,56215.0,34,Healthcare,10,4,Cluster 3
1835,Female,90,62504.0,99,Artist,10,4,Cluster 3
1836,Female,19,151382.0,38,Lawyer,1,1,Cluster 2
1837,Female,91,156574.0,96,Marketing,0,7,Cluster 2
1838,Female,90,60998.0,35,Entertainment,1,7,Cluster 3
1839,Female,60,108509.0,36,Doctor,0,2,Cluster 1
1840,Female,68,85540.0,49,Homemaker,9,1,Cluster 1
1841,Female,43,73915.0,47,Artist,11,2,Cluster 3
1842,Male,52,148901.0,77,Healthcare,4,4,Cluster 2
1843,Male,81,152602.0,91,Entertainment,0,1,Cluster 2
1844,Female,54,58999.0,22,Entertainment,7,3,Cluster 3
1845,Female,43,133740.0,37,Artist,5,4,Cluster 1
1846,Female,20,113217.0,41,Lawyer,9,1,Cluster 1
1847,Female,71,60209.0,46,Artist,1,3,Cluster 3
1848,Female,26,145491.0,72,Entertainment,9,5,Cluster 2
1849,Female,75,61393.0,65,Doctor,7,5,Cluster 3
1850,Female,52,133252.0,55,Artist,1,1,Cluster 1
1851,Female,40,187234.0,14,Doctor,0,5,Cluster 2
1853,Female,46,165810.0,38,Healthcare,3,5,Cluster 2
1854,Male,98,125181.0,30,Artist,0,7,Cluster 1
1855,Female,84,56809.0,96,Healthcare,1,2,Cluster 3
1856,Male,35,69419.0,68,Healthcare,9,1,Cluster 3
1857,Female,78,70689.0,54,Artist,1,4,Cluster 3
1858,Male,64,55011.0,53,Artist,1,7,Cluster 3
1859,Female,98,87955.0,79,Engineer,0,2,Cluster 1
1860,Male,66,153660.0,24,Healthcare,0,5,Cluster 2
1861,Male,32,104494.0,28,Healthcare,6,4,Cluster 1
1862,Male,22,184443.0,44,Executive,3,7,Cluster 2
1864,Female,22,88729.0,81,Engineer,1,1,Cluster 1
1866,Male,24,51604.0,4,Artist,0,2,Cluster 3
1868,Female,52,125508.0,15,Artist,1,6,Cluster 1
1869,Male,62,186157.0,54,Healthcare,1,1,Cluster 2
1870,Female,37,169381.0,45,Entertainment,0,4,Cluster 2
1871,Male,68,110195.0,47,Homemaker,9,2,Cluster 1
1872,Female,63,81199.0,80,Entertainment,1,2,Cluster 1
1874,Female,44,173682.0,89,Artist,12,6,Cluster 2
1875,Male,18,162983.0,16,Entertainment,0,6,Cluster 2
1876,Male,30,94480.0,1,Executive,0,4,Cluster 1
1877,Female,69,168710.0,80,Doctor,1,4,Cluster 2
1879,Female,71,91823.0,74,Artist,1,4,Cluster 1
1880,Female,24,173091.0,24,Entertainment,6,2,Cluster 2
1881,Male,57,102692.0,94,Healthcare,0,2,Cluster 1
1882,Male,97,156812.0,77,Healthcare,0,6,Cluster 2
1883,Male,68,51468.0,48,Artist,0,3,Cluster 3
1886,Male,68,129971.0,61,Artist,8,3,Cluster 1
1887,Female,69,104160.0,77,Engineer,4,4,Cluster 1
1888,Female,77,124995.0,66,Healthcare,0,1,Cluster 1
1889,Female,73,180437.0,50,Entertainment,1,5,Cluster 2
1890,Female,19,134644.0,96,Executive,1,2,Cluster 2
1892,Male,71,149318.0,27,Artist,4,1,Cluster 2
1894,Female,68,173047.0,17,Healthcare,0,3,Cluster 2
1895,Female,39,61298.0,91,Artist,0,5,Cluster 3
1896,Male,75,132993.0,55,Entertainment,8,2,Cluster 1
1897,Female,65,72313.0,36,Lawyer,1,5,Cluster 3
1898,Female,30,84885.0,9,Entertainment,6,5,Cluster 1
1899,Male,46,126228.0,95,Marketing,8,2,Cluster 1
1900,Male,40,51199.0,29,Executive,7,7,Cluster 3
1901,Female,40,54631.0,70,Artist,0,6,Cluster 3
1902,Female,20,131810.0,16,Healthcare,5,7,Cluster 1
1903,Male,88,138482.0,59,Marketing,8,4,Cluster 2
1904,Male,85,74081.0,87,Healthcare,4,3,Cluster 3
1905,Male,94,112426.0,54,Engineer,9,6,Cluster 1
1907,Female,68,53552.0,97,Marketing,7,6,Cluster 3
1910,Male,59,149067.0,78,Doctor,9,7,Cluster 2
1911,Male,32,184408.0,38,Entertainment,6,7,Cluster 2
1913,Female,92,174786.0,94,Executive,4,3,Cluster 2
1915,Female,41,56837.0,4,Healthcare,8,4,Cluster 3
1916,Female,18,134752.0,47,Engineer,6,5,Cluster 2
1917,Female,78,112887.0,80,Entertainment,9,6,Cluster 1
1918,Female,49,73128.0,74,Artist,7,5,Cluster 3
1920,Female,36,140637.0,19,Executive,8,7,Cluster 2
1921,Male,46,137973.0,50,Healthcare,7,7,Cluster 2
1922,Female,95,126791.0,34,Artist,6,4,Cluster 1
1923,Female,97,75125.0,89,Executive,8,3,Cluster 3
1925,Female,94,69654.0,30,Homemaker,4,4,Cluster 3
1926,Female,47,105935.0,46,Doctor,4,5,Cluster 1
1928,Male,77,151985.0,29,Healthcare,4,7,Cluster 2
1929,Male,70,76892.0,64,Executive,5,2,Cluster 3
1930,Male,58,87602.0,25,Executive,5,3,Cluster 1
1931,Male,72,182317.0,46,Healthcare,8,6,Cluster 2
1932,Male,90,158280.0,92,Executive,6,7,Cluster 2
1934,Female,87,128153.0,42,Artist,7,6,Cluster 1
1935,Male,64,142612.0,58,Doctor,4,6,Cluster 2
1938,Male,54,166183.0,65,Artist,7,6,Cluster 2
1939,Male,76,132537.0,44,Doctor,5,3,Cluster 1
1940,Female,76,146308.0,49,Artist,5,1,Cluster 2
1941,Female,52,63454.0,38,Artist,5,5,Cluster 3
1942,Male,96,110519.0,6,Artist,9,4,Cluster 1
1943,Female,55,66728.0,50,Healthcare,10,5,Cluster 3
1944,Female,54,170638.0,64,Artist,4,5,Cluster 2
1945,Male,19,129635.0,100,Artist,6,4,Cluster 1
1946,Male,29,133587.0,74,Marketing,5,3,Cluster 1
1947,Male,96,126225.0,47,Engineer,7,4,Cluster 1
1948,Female,20,148776.0,21,Artist,8,5,Cluster 2
1949,Female,91,142602.0,64,Lawyer,7,6,Cluster 2
1950,Male,37,102413.0,38,Healthcare,5,5,Cluster 1
1951,Male,42,68765.0,69,Entertainment,4,1,Cluster 3
1953,Female,58,149237.0,80,Entertainment,8,6,Cluster 2
1954,Female,42,184844.0,24,Entertainment,6,1,Cluster 2
1955,Female,48,131656.0,45,Lawyer,9,6,Cluster 1
1957,Male,59,101698.0,87,Artist,9,3,Cluster 1
1958,Female,45,152560.0,32,Entertainment,9,2,Cluster 2
1959,Male,73,142502.0,97,Doctor,5,1,Cluster 2
1960,Female,85,155432.0,21,Engineer,4,6,Cluster 2
1961,Female,70,108544.0,49,Entertainment,4,5,Cluster 1
1962,Female,52,106530.0,46,Engineer,7,2,Cluster 1
1963,Male,70,124359.0,51,Homemaker,7,7,Cluster 1
1964,Female,88,146970.0,90,Artist,7,6,Cluster 2
1965,Male,61,182176.0,96,Artist,9,5,Cluster 2
1966,Female,46,114435.0,34,Artist,8,3,Cluster 1
1967,Male,65,134213.0,32,Homemaker,8,4,Cluster 2
1968,Female,84,115580.0,73,Entertainment,8,5,Cluster 1
1969,Female,76,124034.0,88,Executive,10,2,Cluster 1
1970,Male,31,67894.0,42,Doctor,9,1,Cluster 3
1971,Male,55,107099.0,89,Executive,4,6,Cluster 1
1972,Male,45,140263.0,88,Entertainment,10,5,Cluster 2
1973,Male,98,104249.0,12,Engineer,5,2,Cluster 1
1974,Male,40,168821.0,36,Executive,4,5,Cluster 2
1976,Female,41,128960.0,43,Executive,9,4,Cluster 1
1977,Male,60,127438.0,82,Engineer,7,2,Cluster 1
1978,Male,60,125968.0,100,Lawyer,8,2,Cluster 1
1979,Male,84,104589.0,85,Artist,10,2,Cluster 1
1980,Male,47,165321.0,93,Doctor,8,1,Cluster 2
1982,Female,62,149797.0,19,Artist,5,6,Cluster 2
1983,Male,33,137094.0,68,Lawyer,4,1,Cluster 2
1984,Female,52,55395.0,41,Marketing,10,1,Cluster 3
1986,Male,27,74050.0,44,Entertainment,8,1,Cluster 3
1988,Male,63,59244.0,80,Artist,7,1,Cluster 3
1989,Female,54,118944.0,77,Artist,4,4,Cluster 1
1990,Female,47,75293.0,55,Doctor,6,7,Cluster 3
1991,Female,30,166983.0,69,Artist,7,3,Cluster 2
1992,Female,97,129444.0,96,Entertainment,5,6,Cluster 1
1993,Male,94,181183.0,24,Marketing,9,3,Cluster 2
1994,Female,64,175254.0,100,Artist,9,5,Cluster 2
1995,Female,19,54121.0,89,Engineer,6,3,Cluster 3
1996,Female,71,184387.0,40,Artist,8,7,Cluster 2
1997,Female,91,73158.0,32,Doctor,7,7,Cluster 3
1998,Male,87,90961.0,14,Healthcare,9,2,Cluster 1
1999,Male,77,182109.0,4,Executive,7,2,Cluster 2
2000,Male,90,110610.0,52,Entertainment,5,2,Cluster 1
